id,status,detail
0200.Areg.x-3,PASS,0
0200.Areg.x-2,PASS,1
0200.Areg.x-1,PASS,0
0200.Areg.x0,PASS,1
0200.Breg.x-2,PASS,0
0200.Breg.x-1,PASS,1
0200.Breg.x0,PASS,2
0200.A.tensor1.x-3,PASS,0
0200.A.tensor1.x-2,PASS,1
0200.A.tensor1.x-1,PASS,0
0200.B.tensor1.x-2,PASS,0
0200.B.tensor1.x-1,PASS,1
0201.Areg.x-3,PASS,0
0201.Areg.x-2,PASS,0
0201.Areg.x-1,PASS,2
0201.Breg.x-2,PASS,0
0201.Breg.x-1,PASS,0
0201.A.tensor1.x-3,PASS,0
0201.A.tensor1.x-2,PASS,0
0201.A.tensor1.x-1,PASS,1
0201.B.tensor1.x-2,PASS,0
0201.B.tensor1.x-1,PASS,0
0202.A.tensor2.x-3,PASS,0
0202.A.tensor2.x-2,PASS,0
0202.A.tensor2.x-1,PASS,1
0202.B.tensor2.x-2,PASS,0
0202.B.tensor2.x-1,PASS,0
0210.Areg.x-3,PASS,0
0210.Areg.x-2,PASS,0
0210.Areg.x-1,PASS,2
0210.Breg.x-2,PASS,0
0210.Breg.x-1,PASS,0
0210.A.tensor1.x-3,PASS,0
0210.A.tensor1.x-2,PASS,0
0210.A.tensor1.x-1,PASS,1
0210.B.tensor1.x-2,PASS,0
0210.B.tensor1.x-1,PASS,0
0211.Areg.x-3,PASS,0
0211.Areg.x-2,PASS,1
0211.Areg.x-1,PASS,0
0211.Breg.x-2,PASS,0
0211.A.tensor1.x-1,PASS,0
0212.A.tensor2.x-1,PASS,1
0220.A.tensor2.x-3,PASS,0
0220.A.tensor2.x-2,PASS,0
0220.A.tensor2.x-1,PASS,1
0220.B.tensor2.x-2,PASS,0
0220.B.tensor2.x-1,PASS,0
0221.A.tensor2.x-1,PASS,1
0222.Areg.x-3,PASS,0
0222.Areg.x-2,PASS,1
0222.Areg.x-1,PASS,0
0222.Breg.x-2,PASS,0
0222.A.tensor1.x-1,PASS,0
contact.2210.x-3,PASS,0
contact.2210.x-2,PASS,0
contact.1202.x-4,PASS,0
contact.1202.x-3,PASS,-1
contact.1202.x-2,PASS,-1
contact.1202.x-1,PASS,0
contact.1101.x-4,PASS,0
contact.1101.x-3,PASS,-1
contact.1101.x-2,PASS,-1
contact.1101.x-1,PASS,0
contact.0011.x-4,PASS,0
contact.0011.x-3,PASS,0
contact.0011.x-2,PASS,0
contact.0011.x-1,PASS,2
contact.0101.x-4,PASS,0
contact.0101.x-3,PASS,-1
contact.0101.x-2,PASS,-2
contact.0101.x-1,PASS,-1
contact.2211.x-4,PASS,0
contact.2211.x-3,PASS,1
contact.2211.x-2,PASS,0
contact.2002.x-4,PASS,0
contact.2002.x-3,PASS,1
contact.2002.x-2,PASS,2
contact.2002.x-1,PASS,5
contact.1221.x-4,PASS,0
contact.1221.x-3,PASS,1
contact.1221.x-2,PASS,0
contact.1221.x-1,PASS,5
contact.0022.x-4,PASS,0
contact.0022.x-3,PASS,0
contact.0022.x-2,PASS,0
contact.1100.x-4,PASS,0
contact.1100.x-3,PASS,0
contact.1100.x-2,PASS,0
contact.1100.x-1,PASS,2
contact.2222.x-4,PASS,0
contact.2222.x-3,PASS,-1
contact.2222.x-2,PASS,-2
contact.2222.x-1,PASS,-1
contact.0010.x-4,PASS,0
contact.0010.x-3,PASS,-1
contact.0010.x-2,PASS,-1
contact.0010.x-1,PASS,0
contact.0111.x-4,PASS,0
contact.0111.x-3,PASS,-1
contact.0111.x-2,PASS,-1
contact.0111.x-1,PASS,0
contact.0220.x-4,PASS,0
contact.0220.x-3,PASS,1
contact.0220.x-2,PASS,2
contact.0220.x-1,PASS,5
contact.1010.x-4,PASS,0
contact.1010.x-3,PASS,-1
contact.1010.x-2,PASS,-2
contact.1010.x-1,PASS,-1
contact.0100.x-4,PASS,0
contact.0100.x-3,PASS,-1
contact.0100.x-2,PASS,-1
contact.0100.x-1,PASS,0
contact.2121.x-4,PASS,0
contact.2121.x-3,PASS,-1
contact.2121.x-2,PASS,-2
contact.2121.x-1,PASS,-1
contact.0110.x-4,PASS,0
contact.0110.x-3,PASS,1
contact.0110.x-2,PASS,2
contact.0110.x-1,PASS,3
contact.1001.x-4,PASS,0
contact.1001.x-3,PASS,1
contact.1001.x-2,PASS,2
contact.1001.x-1,PASS,3
contact.2112.x-4,PASS,0
contact.2112.x-3,PASS,1
contact.2112.x-2,PASS,0
contact.2112.x-1,PASS,5
contact.2102.x-4,PASS,2
contact.2102.x-3,PASS,0
contact.2102.x-2,PASS,0
contact.2102.x-1,PASS,4
contact.1011.x-4,PASS,0
contact.1011.x-3,PASS,-1
contact.1011.x-2,PASS,-1
contact.1011.x-1,PASS,0
contact.1111.x-4,PASS,0
contact.1111.x-3,PASS,-1
contact.1111.x-2,PASS,-2
contact.1111.x-1,PASS,-1
contact.1122.x-4,PASS,0
contact.1122.x-3,PASS,1
contact.1122.x-2,PASS,0
contact.2120.x-4,PASS,0
contact.2120.x-3,PASS,-1
contact.2120.x-2,PASS,-1
contact.2120.x-1,PASS,0
contact.1212.x-4,PASS,0
contact.1212.x-3,PASS,-1
contact.1212.x-2,PASS,-2
contact.1212.x-1,PASS,-1
contact.1000.x-4,PASS,0
contact.1000.x-3,PASS,-1
contact.1000.x-2,PASS,-1
contact.1000.x-1,PASS,0
contact.1022.x-3,PASS,0
contact.1022.x-2,PASS,0
contact.2021.x-4,PASS,0
contact.2021.x-3,PASS,-1
contact.2021.x-2,PASS,-1
contact.2021.x-1,PASS,0
contact.0212.x-4,PASS,0
contact.0212.x-3,PASS,-1
contact.0212.x-2,PASS,-1
contact.0212.x-1,PASS,0
contact.1220.x-4,PASS,2
contact.1220.x-3,PASS,0
contact.1220.x-2,PASS,0
contact.1220.x-1,PASS,4
contact.2020.x-4,PASS,0
contact.2020.x-3,PASS,-1
contact.2020.x-2,PASS,-2
contact.2020.x-1,PASS,-1
contact.2012.x-4,PASS,2
contact.2012.x-3,PASS,0
contact.2012.x-2,PASS,0
contact.2012.x-1,PASS,4
contact.0001.x-4,PASS,0
contact.0001.x-3,PASS,-1
contact.0001.x-2,PASS,-1
contact.0001.x-1,PASS,0
contact.0221.x-4,PASS,2
contact.0221.x-3,PASS,0
contact.0221.x-2,PASS,0
contact.0221.x-1,PASS,4
contact.0202.x-4,PASS,0
contact.0202.x-3,PASS,-1
contact.0202.x-2,PASS,-2
contact.0202.x-1,PASS,-1
contact.0122.x-3,PASS,0
contact.0122.x-2,PASS,0
contact.0000.x-4,PASS,0
contact.0000.x-3,PASS,-1
contact.0000.x-2,PASS,-2
contact.0000.x-1,PASS,-1
contact.0000.x0,PASS,0
contact.2201.x-3,PASS,0
contact.2201.x-2,PASS,0
contact.1110.x-4,PASS,0
contact.1110.x-3,PASS,-1
contact.1110.x-2,PASS,-1
contact.1110.x-1,PASS,0
contact.2200.x-4,PASS,0
contact.2200.x-3,PASS,0
contact.2200.x-2,PASS,0
five_boundary_groups_plus_reverse,PASS,0
scalar_q_minus3_cancellation,PASS,0
