calculation,status,exact_residual
T09.radiation_derivative_1_0,PASS,0
T09.radiation_derivative_0_1,PASS,0
T09.closed_formula_vs_differentiation_2_0,PASS,0
T09.radiation_derivative_2_0,PASS,0
T09.closed_formula_vs_differentiation_1_1,PASS,0
T09.radiation_derivative_1_1,PASS,0
T09.closed_formula_vs_differentiation_0_2,PASS,0
T09.radiation_derivative_0_2,PASS,0
T09.closed_formula_vs_differentiation_3_0,PASS,0
T09.radiation_derivative_3_0,PASS,0
T09.closed_formula_vs_differentiation_2_1,PASS,0
T09.radiation_derivative_2_1,PASS,0
T09.closed_formula_vs_differentiation_1_2,PASS,0
T09.radiation_derivative_1_2,PASS,0
T09.closed_formula_vs_differentiation_0_3,PASS,0
T09.radiation_derivative_0_3,PASS,0
T09.closed_formula_vs_differentiation_4_0,PASS,0
T09.radiation_derivative_4_0,PASS,0
T09.closed_formula_vs_differentiation_3_1,PASS,0
T09.radiation_derivative_3_1,PASS,0
T09.closed_formula_vs_differentiation_2_2,PASS,0
T09.radiation_derivative_2_2,PASS,0
T09.closed_formula_vs_differentiation_1_3,PASS,0
T09.radiation_derivative_1_3,PASS,0
T09.closed_formula_vs_differentiation_0_4,PASS,0
T09.radiation_derivative_0_4,PASS,0
T09.closed_formula_vs_differentiation_5_0,PASS,0
T09.radiation_derivative_5_0,PASS,0
T09.closed_formula_vs_differentiation_4_1,PASS,0
T09.radiation_derivative_4_1,PASS,0
T09.closed_formula_vs_differentiation_3_2,PASS,0
T09.radiation_derivative_3_2,PASS,0
T09.closed_formula_vs_differentiation_2_3,PASS,0
T09.radiation_derivative_2_3,PASS,0
T09.closed_formula_vs_differentiation_1_4,PASS,0
T09.radiation_derivative_1_4,PASS,0
T09.closed_formula_vs_differentiation_0_5,PASS,0
T09.radiation_derivative_0_5,PASS,0
T09.closed_formula_vs_differentiation_6_0,PASS,0
T09.radiation_derivative_6_0,PASS,0
T09.closed_formula_vs_differentiation_5_1,PASS,0
T09.radiation_derivative_5_1,PASS,0
T09.closed_formula_vs_differentiation_4_2,PASS,0
T09.radiation_derivative_4_2,PASS,0
T09.closed_formula_vs_differentiation_3_3,PASS,0
T09.radiation_derivative_3_3,PASS,0
T09.closed_formula_vs_differentiation_2_4,PASS,0
T09.radiation_derivative_2_4,PASS,0
T09.closed_formula_vs_differentiation_1_5,PASS,0
T09.radiation_derivative_1_5,PASS,0
T09.closed_formula_vs_differentiation_0_6,PASS,0
T09.radiation_derivative_0_6,PASS,0
T09.commuting_partial_derivatives_L,PASS,0
T09.commuting_partial_derivatives_A,PASS,0
T09.commuting_partial_derivatives_f2,PASS,0
T09.commuting_partial_derivatives_f3,PASS,0
T09.square_root_series_identity,PASS,0
T09.full_local_vertex_radiation_order_2,PASS,0
T09.full_local_vertex_radiation_order_3,PASS,0
T09.full_local_vertex_radiation_order_4,PASS,0
T09.full_local_vertex_radiation_order_5,PASS,0
T09.full_local_vertex_radiation_order_6,PASS,0
