j,out_row,in_column,h0,h1,h2,h3,m,n,file
0,0,0,0,0,0,0,0,0,j0_0_0.json
0,1,0,0,0,2,2,0,0,j0_1_0.json
0,2,0,0,0,-2,-2,0,0,j0_2_0.json
0,0,1,2,2,0,0,0,0,j0_0_1.json
0,1,1,2,2,2,2,0,0,j0_1_1.json
0,2,1,2,2,-2,-2,0,0,j0_2_1.json
0,0,2,-2,-2,0,0,0,0,j0_0_2.json
0,1,2,-2,-2,2,2,0,0,j0_1_2.json
0,2,2,-2,-2,-2,-2,0,0,j0_2_2.json
2,0,0,0,0,0,0,0,0,j2_0_0.json
2,1,0,0,0,0,2,0,-2,j2_1_0.json
2,2,0,0,0,0,-2,0,2,j2_2_0.json
2,3,0,0,0,2,2,0,0,j2_3_0.json
2,4,0,0,0,-2,-2,0,0,j2_4_0.json
2,0,1,0,2,0,0,-2,0,j2_0_1.json
2,1,1,0,2,0,2,-2,-2,j2_1_1.json
2,2,1,0,2,0,-2,-2,2,j2_2_1.json
2,3,1,0,2,2,2,-2,0,j2_3_1.json
2,4,1,0,2,-2,-2,-2,0,j2_4_1.json
2,0,2,0,-2,0,0,2,0,j2_0_2.json
2,1,2,0,-2,0,2,2,-2,j2_1_2.json
2,2,2,0,-2,0,-2,2,2,j2_2_2.json
2,3,2,0,-2,2,2,2,0,j2_3_2.json
2,4,2,0,-2,-2,-2,2,0,j2_4_2.json
2,0,3,2,2,0,0,0,0,j2_0_3.json
2,1,3,2,2,0,2,0,-2,j2_1_3.json
2,2,3,2,2,0,-2,0,2,j2_2_3.json
2,3,3,2,2,2,2,0,0,j2_3_3.json
2,4,3,2,2,-2,-2,0,0,j2_4_3.json
2,0,4,-2,-2,0,0,0,0,j2_0_4.json
2,1,4,-2,-2,0,2,0,-2,j2_1_4.json
2,2,4,-2,-2,0,-2,0,2,j2_2_4.json
2,3,4,-2,-2,2,2,0,0,j2_3_4.json
2,4,4,-2,-2,-2,-2,0,0,j2_4_4.json
3,0,0,0,2,0,2,-2,-2,j3_0_0.json
3,1,0,0,2,0,-2,-2,2,j3_1_0.json
3,0,1,0,-2,0,2,2,-2,j3_0_1.json
3,1,1,0,-2,0,-2,2,2,j3_1_1.json
4,0,0,0,0,0,0,0,0,j4_0_0.json
4,1,0,0,0,0,2,0,-2,j4_1_0.json
4,2,0,0,0,0,-2,0,2,j4_2_0.json
4,3,0,0,0,2,2,0,0,j4_3_0.json
4,4,0,0,0,2,-2,0,4,j4_4_0.json
4,5,0,0,0,-2,-2,0,0,j4_5_0.json
4,0,1,0,2,0,0,-2,0,j4_0_1.json
4,1,1,0,2,0,2,-2,-2,j4_1_1.json
4,2,1,0,2,0,-2,-2,2,j4_2_1.json
4,3,1,0,2,2,2,-2,0,j4_3_1.json
4,4,1,0,2,2,-2,-2,4,j4_4_1.json
4,5,1,0,2,-2,-2,-2,0,j4_5_1.json
4,0,2,0,-2,0,0,2,0,j4_0_2.json
4,1,2,0,-2,0,2,2,-2,j4_1_2.json
4,2,2,0,-2,0,-2,2,2,j4_2_2.json
4,3,2,0,-2,2,2,2,0,j4_3_2.json
4,4,2,0,-2,2,-2,2,4,j4_4_2.json
4,5,2,0,-2,-2,-2,2,0,j4_5_2.json
4,0,3,2,2,0,0,0,0,j4_0_3.json
4,1,3,2,2,0,2,0,-2,j4_1_3.json
4,2,3,2,2,0,-2,0,2,j4_2_3.json
4,3,3,2,2,2,2,0,0,j4_3_3.json
4,4,3,2,2,2,-2,0,4,j4_4_3.json
4,5,3,2,2,-2,-2,0,0,j4_5_3.json
4,0,4,2,-2,0,0,4,0,j4_0_4.json
4,1,4,2,-2,0,2,4,-2,j4_1_4.json
4,2,4,2,-2,0,-2,4,2,j4_2_4.json
4,3,4,2,-2,2,2,4,0,j4_3_4.json
4,4,4,2,-2,2,-2,4,4,j4_4_4.json
4,5,4,2,-2,-2,-2,4,0,j4_5_4.json
4,0,5,-2,-2,0,0,0,0,j4_0_5.json
4,1,5,-2,-2,0,2,0,-2,j4_1_5.json
4,2,5,-2,-2,0,-2,0,2,j4_2_5.json
4,3,5,-2,-2,2,2,0,0,j4_3_5.json
4,4,5,-2,-2,2,-2,0,4,j4_4_5.json
4,5,5,-2,-2,-2,-2,0,0,j4_5_5.json
