id,status,residual
"Wigner_matrix_j0_(0, 0)_(0, 0)",PASS,0
"Wigner_matrix_j0_(0, 0)_(2, 2)",PASS,0
"Wigner_matrix_j0_(0, 0)_(-2, -2)",PASS,0
"Wigner_matrix_j0_(2, 2)_(0, 0)",PASS,0
"Wigner_matrix_j0_(2, 2)_(2, 2)",PASS,0
"Wigner_matrix_j0_(2, 2)_(-2, -2)",PASS,0
"Wigner_matrix_j0_(-2, -2)_(0, 0)",PASS,0
"Wigner_matrix_j0_(-2, -2)_(2, 2)",PASS,0
"Wigner_matrix_j0_(-2, -2)_(-2, -2)",PASS,0
"Wigner_matrix_j2_(0, 0)_(0, 0)",PASS,0
"Wigner_matrix_j2_(0, 0)_(0, 2)",PASS,0
"Wigner_matrix_j2_(0, 0)_(0, -2)",PASS,0
"Wigner_matrix_j2_(0, 0)_(2, 2)",PASS,0
"Wigner_matrix_j2_(0, 0)_(-2, -2)",PASS,0
"Wigner_matrix_j2_(0, 2)_(0, 0)",PASS,0
"Wigner_matrix_j2_(0, 2)_(0, 2)",PASS,0
"Wigner_matrix_j2_(0, 2)_(0, -2)",PASS,0
"Wigner_matrix_j2_(0, 2)_(2, 2)",PASS,0
"Wigner_matrix_j2_(0, 2)_(-2, -2)",PASS,0
"Wigner_matrix_j2_(0, -2)_(0, 0)",PASS,0
"Wigner_matrix_j2_(0, -2)_(0, 2)",PASS,0
"Wigner_matrix_j2_(0, -2)_(0, -2)",PASS,0
"Wigner_matrix_j2_(0, -2)_(2, 2)",PASS,0
"Wigner_matrix_j2_(0, -2)_(-2, -2)",PASS,0
"Wigner_matrix_j2_(2, 2)_(0, 0)",PASS,0
"Wigner_matrix_j2_(2, 2)_(0, 2)",PASS,0
"Wigner_matrix_j2_(2, 2)_(0, -2)",PASS,0
"Wigner_matrix_j2_(2, 2)_(2, 2)",PASS,0
"Wigner_matrix_j2_(2, 2)_(-2, -2)",PASS,0
"Wigner_matrix_j2_(-2, -2)_(0, 0)",PASS,0
"Wigner_matrix_j2_(-2, -2)_(0, 2)",PASS,0
"Wigner_matrix_j2_(-2, -2)_(0, -2)",PASS,0
"Wigner_matrix_j2_(-2, -2)_(2, 2)",PASS,0
"Wigner_matrix_j2_(-2, -2)_(-2, -2)",PASS,0
"Wigner_matrix_j3_(0, 2)_(0, 2)",PASS,0
"Wigner_matrix_j3_(0, 2)_(0, -2)",PASS,0
"Wigner_matrix_j3_(0, -2)_(0, 2)",PASS,0
"Wigner_matrix_j3_(0, -2)_(0, -2)",PASS,0
"Wigner_matrix_j4_(0, 0)_(0, 0)",PASS,0
"Wigner_matrix_j4_(0, 0)_(0, 2)",PASS,0
"Wigner_matrix_j4_(0, 0)_(0, -2)",PASS,0
"Wigner_matrix_j4_(0, 0)_(2, 2)",PASS,0
"Wigner_matrix_j4_(0, 0)_(2, -2)",PASS,0
"Wigner_matrix_j4_(0, 0)_(-2, -2)",PASS,0
"Wigner_matrix_j4_(0, 2)_(0, 0)",PASS,0
"Wigner_matrix_j4_(0, 2)_(0, 2)",PASS,0
"Wigner_matrix_j4_(0, 2)_(0, -2)",PASS,0
"Wigner_matrix_j4_(0, 2)_(2, 2)",PASS,0
"Wigner_matrix_j4_(0, 2)_(2, -2)",PASS,0
"Wigner_matrix_j4_(0, 2)_(-2, -2)",PASS,0
"Wigner_matrix_j4_(0, -2)_(0, 0)",PASS,0
"Wigner_matrix_j4_(0, -2)_(0, 2)",PASS,0
"Wigner_matrix_j4_(0, -2)_(0, -2)",PASS,0
"Wigner_matrix_j4_(0, -2)_(2, 2)",PASS,0
"Wigner_matrix_j4_(0, -2)_(2, -2)",PASS,0
"Wigner_matrix_j4_(0, -2)_(-2, -2)",PASS,0
"Wigner_matrix_j4_(2, 2)_(0, 0)",PASS,0
"Wigner_matrix_j4_(2, 2)_(0, 2)",PASS,0
"Wigner_matrix_j4_(2, 2)_(0, -2)",PASS,0
"Wigner_matrix_j4_(2, 2)_(2, 2)",PASS,0
"Wigner_matrix_j4_(2, 2)_(2, -2)",PASS,0
"Wigner_matrix_j4_(2, 2)_(-2, -2)",PASS,0
"Wigner_matrix_j4_(2, -2)_(0, 0)",PASS,0
"Wigner_matrix_j4_(2, -2)_(0, 2)",PASS,0
"Wigner_matrix_j4_(2, -2)_(0, -2)",PASS,0
"Wigner_matrix_j4_(2, -2)_(2, 2)",PASS,0
"Wigner_matrix_j4_(2, -2)_(2, -2)",PASS,0
"Wigner_matrix_j4_(2, -2)_(-2, -2)",PASS,0
"Wigner_matrix_j4_(-2, -2)_(0, 0)",PASS,0
"Wigner_matrix_j4_(-2, -2)_(0, 2)",PASS,0
"Wigner_matrix_j4_(-2, -2)_(0, -2)",PASS,0
"Wigner_matrix_j4_(-2, -2)_(2, 2)",PASS,0
"Wigner_matrix_j4_(-2, -2)_(2, -2)",PASS,0
"Wigner_matrix_j4_(-2, -2)_(-2, -2)",PASS,0
scalar_h0_partial_integral_j0,PASS,0
scalar_h0_partial_integral_j2,PASS,0
scalar_h0_partial_integral_j4,PASS,0
