component,contact_nonzero,exchange_nonzero,full_grouped_kernel_nonzero,ordered_frequency_groups
0000,True,True,True,6
0001,True,True,True,8
0002,False,False,False,0
0010,True,True,True,8
0011,True,True,True,6
0012,False,False,False,0
0020,False,False,False,0
0021,False,False,False,0
0022,True,True,True,6
0100,True,True,True,8
0101,True,True,True,10
0102,True,True,True,6
0110,True,True,True,10
0111,True,True,True,8
0112,True,True,True,4
0120,True,True,True,6
0121,True,True,True,4
0122,True,True,True,8
0200,False,False,False,0
0201,True,True,True,6
0202,True,True,True,8
0210,True,True,True,6
0211,False,False,False,0
0212,True,True,True,6
0220,True,True,True,8
0221,True,True,True,6
0222,False,False,False,0
1000,True,True,True,8
1001,True,True,True,10
1002,True,True,True,6
1010,True,True,True,10
1011,True,True,True,8
1012,True,True,True,4
1020,True,True,True,6
1021,True,True,True,4
1022,True,True,True,8
1100,True,True,True,6
1101,True,True,True,8
1102,False,False,False,0
1110,True,True,True,8
1111,True,True,True,6
1112,False,False,False,0
1120,False,False,False,0
1121,False,False,False,0
1122,True,True,True,6
1200,False,False,False,0
1201,True,True,True,4
1202,True,True,True,6
1210,True,True,True,4
1211,False,False,False,0
1212,True,True,True,4
1220,True,True,True,6
1221,True,True,True,4
1222,False,False,False,0
2000,False,False,False,0
2001,True,True,True,6
2002,True,True,True,8
2010,True,True,True,6
2011,False,False,False,0
2012,True,True,True,6
2020,True,True,True,8
2021,True,True,True,6
2022,False,False,False,0
2100,False,False,False,0
2101,True,True,True,4
2102,True,True,True,6
2110,True,True,True,4
2111,False,False,False,0
2112,True,True,True,4
2120,True,True,True,6
2121,True,True,True,4
2122,False,False,False,0
2200,True,True,True,6
2201,True,True,True,8
2202,False,False,False,0
2210,True,True,True,8
2211,True,True,True,6
2212,False,False,False,0
2220,False,False,False,0
2221,False,False,False,0
2222,True,True,True,6
