component,x_i,x_f,contact_real,contact_imag,exchange_real,exchange_imag,total_real,total_imag,abs_total,quadrature_order_difference,nonzero_threshold,nonzero_witness
0000,0.75,1.25,0.0,-289.7878518518519,-575.8385508472218,85.72950192518837,-575.8385508472218,-204.0583499266635,610.9254020063506,1.154145394607835e-12,1e-09,True
0001,0.75,1.25,16.57152271708744,-31.991901308106076,-49.598253502394336,16.52709108224859,-33.026730785306896,-15.464810225857487,36.468140913500434,8.10921975650084e-14,1e-09,True
0002,0.75,1.25,0.0,-0.0,0.0,-1.3322676295501878e-15,0.0,-1.3322676295501878e-15,1.3322676295501878e-15,3.834691684006085e-15,1e-09,False
0010,0.75,1.25,16.57152271708744,-31.991901308106076,-49.59825350239433,16.527091082248592,-33.02673078530689,-15.464810225857484,36.46814091350043,7.685694801574505e-14,1e-09,True
0011,0.75,1.25,25.593882612569054,41.95765897528143,7.634879555275958,-106.28565056240532,33.22876216784501,-64.32799158712389,72.403322691989,3.7759179621123233e-13,1e-09,True
0012,0.75,1.25,0.0,-0.0,-8.881784197001252e-16,0.0,-8.881784197001252e-16,0.0,8.881784197001252e-16,3.552713678800501e-15,1e-09,False
0020,0.75,1.25,0.0,-0.0,3.552713678800501e-15,-1.3322676295501878e-15,3.552713678800501e-15,-1.3322676295501878e-15,3.794299872214038e-15,1.3322676295501878e-15,1e-09,False
0021,0.75,1.25,0.0,-0.0,-8.881784197001252e-16,0.0,-8.881784197001252e-16,0.0,8.881784197001252e-16,3.552713678800501e-15,1e-09,False
0022,0.75,1.25,-44.24255047181361,22.92710351530592,4.602788535402677,68.85025995875446,-39.639761936410935,91.77736347406038,99.97197193526357,9.947598300641403e-14,1e-09,True
0100,0.75,1.25,16.57152271708742,31.991901308106073,52.9320971444159,-20.210062264408478,69.50361986150332,11.781839043697595,70.49514100350433,1.4250766696571006e-13,1e-09,True
0101,0.75,1.25,6.971432464679178e-16,-2.8688415844050894,30.82451522586362,-8.113612143621264,30.82451522586362,-10.982453728026353,32.72254618451532,6.979974892967e-14,1e-09,True
0102,0.75,1.25,-8.502962971653992e-15,40.81173013553335,60.57576615430199,-21.46509402461586,60.57576615430198,19.346636110917494,63.59021759664716,1.0805156823142816e-13,1e-09,True
0110,0.75,1.25,6.971432464679178e-16,-2.8688415844050894,30.824515225863628,-8.11361214362126,30.824515225863628,-10.98245372802635,32.72254618451532,8.101433657963767e-14,1e-09,True
0111,0.75,1.25,-20.54135047588654,47.72048341024017,93.99859511262758,63.05586735635152,73.45724463674105,110.77635076659169,132.91864684379308,1.9328852131274408e-13,1e-09,True
0112,0.75,1.25,-3.522639686390984,-7.148020258534567,-5.687613350109952,-3.2063117905380567,-9.210253036500937,-10.354332049072624,13.85788415230937,3.552713678800501e-15,1e-09,True
0120,0.75,1.25,8.502962971653992e-15,-40.81173013553335,-60.575766154302,21.465094024615855,-60.575766154301995,-19.346636110917498,63.59021759664717,1.1457157353758233e-13,1e-09,True
0121,0.75,1.25,3.522639686390984,7.148020258534567,5.687613350109952,3.2063117905380563,9.210253036500937,10.354332049072623,13.85788415230937,3.552713678800501e-15,1e-09,True
0122,0.75,1.25,33.025065846378915,-9.470097502492024,-101.06289822765942,-67.21182114506551,-68.03783238128051,-76.68191864755754,102.51469788578541,2.6203521364587025e-13,1e-09,True
0200,0.75,1.25,0.0,-0.0,-4.440892098500626e-16,-1.7763568394002505e-15,-4.440892098500626e-16,-1.7763568394002505e-15,1.831026719408895e-15,2.220446049250313e-15,1e-09,False
0201,0.75,1.25,-8.502962971653992e-15,40.81173013553335,60.57576615430199,-21.46509402461586,60.57576615430198,19.346636110917494,63.59021759664716,1.0805156823142816e-13,1e-09,True
0202,0.75,1.25,-1.5229554640539458e-14,72.7833773160884,48.06891442549372,-14.448324979978338,48.06891442549371,58.33505233611007,75.58835138499938,1.2650853743966804e-13,1e-09,True
0210,0.75,1.25,8.502962971653992e-15,-40.81173013553335,-60.575766154302,21.465094024615855,-60.575766154301995,-19.346636110917498,63.59021759664717,1.1457157353758233e-13,1e-09,True
0211,0.75,1.25,0.0,-0.0,0.0,4.440892098500626e-16,0.0,4.440892098500626e-16,4.440892098500626e-16,8.881784197001252e-16,1e-09,False
0212,0.75,1.25,23.188845118648175,-27.572551876376334,-73.66596572237577,-43.760327109202166,-50.4771206037276,-71.3328789855785,87.38603623471228,1.5583418786108402e-13,1e-09,True
0220,0.75,1.25,-1.5229554640539458e-14,72.7833773160884,48.06891442549372,-14.448324979978338,48.06891442549371,58.33505233611007,75.58835138499938,1.2100106776761097e-13,1e-09,True
0221,0.75,1.25,23.188845118648175,-27.572551876376334,-73.66596572237577,-43.760327109202166,-50.4771206037276,-71.3328789855785,87.38603623471228,1.464821375527116e-13,1e-09,True
0222,0.75,1.25,0.0,-0.0,1.7763568394002505e-15,0.0,1.7763568394002505e-15,0.0,1.7763568394002505e-15,3.552713678800501e-15,1e-09,False
1000,0.75,1.25,16.57152271708742,31.991901308106073,52.9320971444159,-20.210062264408467,69.50361986150332,11.781839043697605,70.49514100350433,1.4369837526939964e-13,1e-09,True
1001,0.75,1.25,6.971432464679178e-16,-2.8688415844050894,30.824515225863625,-8.113612143621262,30.824515225863625,-10.982453728026352,32.72254618451532,8.362094871429676e-14,1e-09,True
1002,0.75,1.25,8.502962971653992e-15,-40.81173013553335,-60.57576615430201,21.465094024615855,-60.575766154302,-19.346636110917498,63.59021759664718,1.2868476258827026e-13,1e-09,True
1010,0.75,1.25,6.971432464679178e-16,-2.8688415844050894,30.82451522586363,-8.113612143621264,30.82451522586363,-10.982453728026353,32.72254618451533,8.362094871429676e-14,1e-09,True
1011,0.75,1.25,-20.54135047588654,47.72048341024017,93.9985951126276,63.05586735635151,73.45724463674105,110.77635076659169,132.91864684379308,1.8198773652309366e-13,1e-09,True
1012,0.75,1.25,3.522639686390984,7.148020258534567,5.687613350109952,3.206311790538057,9.210253036500937,10.354332049072624,13.85788415230937,2.5121479338940403e-15,1e-09,True
1020,0.75,1.25,-8.502962971653992e-15,40.81173013553335,60.575766154301995,-21.46509402461586,60.57576615430199,19.346636110917494,63.590217596647165,1.1506624801925828e-13,1e-09,True
1021,0.75,1.25,-3.522639686390984,-7.148020258534567,-5.687613350109952,-3.2063117905380567,-9.210253036500937,-10.354332049072624,13.85788415230937,3.972054645195637e-15,1e-09,True
1022,0.75,1.25,33.025065846378915,-9.470097502492024,-101.06289822765942,-67.2118211450655,-68.03783238128051,-76.68191864755752,102.5146978857854,2.514156848996284e-13,1e-09,True
1100,0.75,1.25,-25.593882612569047,41.95765897528144,32.517247305068054,84.15289803551941,6.923364692499007,126.11055701080085,126.30045751397654,2.7711166694643907e-13,1e-09,True
1101,0.75,1.25,-20.54135047588654,-47.72048341024017,-41.79637908518565,91.67310874846392,-62.33772956107219,43.95262533822375,76.27467339131411,2.2659518661927756e-13,1e-09,True
1102,0.75,1.25,0.0,-0.0,8.881784197001252e-16,-8.881784197001252e-16,8.881784197001252e-16,-8.881784197001252e-16,1.2560739669470201e-15,9.930136612989092e-16,1e-09,False
1110,0.75,1.25,-20.541350475886524,-47.72048341024018,-41.79637908518564,91.67310874846392,-62.337729561072166,43.95262533822374,76.2746733913141,2.1316282072803006e-13,1e-09,True
1111,0.75,1.25,0.0,-84.41327777777778,-55.21176729453316,32.46137157983172,-55.21176729453316,-51.95190619794606,75.81121160742563,8.903074960742904e-14,1e-09,True
1112,0.75,1.25,0.0,-0.0,3.552713678800501e-15,3.552713678800501e-15,3.552713678800501e-15,3.552713678800501e-15,5.0242958677880805e-15,3.552713678800501e-15,1e-09,False
1120,0.75,1.25,0.0,-0.0,8.881784197001252e-16,0.0,8.881784197001252e-16,0.0,8.881784197001252e-16,8.881784197001252e-16,1e-09,False
1121,0.75,1.25,0.0,-0.0,3.552713678800501e-15,3.552713678800501e-15,3.552713678800501e-15,3.552713678800501e-15,5.0242958677880805e-15,3.552713678800501e-15,1e-09,False
1122,0.75,1.25,0.0,94.41614814814814,36.549925428689846,-26.742538247376494,36.549925428689846,67.67360990077165,76.9130322237045,6.07087979554246e-14,1e-09,True
1200,0.75,1.25,0.0,-0.0,-2.220446049250313e-16,0.0,-2.220446049250313e-16,0.0,2.220446049250313e-16,1.1102230246251565e-15,1e-09,False
1201,0.75,1.25,-3.522639686390984,7.148020258534567,3.3091262373990946,-6.425743105616725,-0.2135134489918893,0.722277152917842,0.7531747994506427,2.2403409359891383e-14,1e-09,True
1202,0.75,1.25,23.188845118648175,27.572551876376334,37.357182433346246,-73.42616713039199,60.54602755199442,-45.85361525401565,75.94982214719245,1.4579118022114694e-13,1e-09,True
1210,0.75,1.25,3.522639686390986,-7.148020258534567,-3.309126237399094,6.425743105616725,0.21351344899189195,-0.722277152917842,0.7531747994506435,2.1990264548214973e-14,1e-09,True
1211,0.75,1.25,0.0,-0.0,3.552713678800501e-15,3.552713678800501e-15,3.552713678800501e-15,3.552713678800501e-15,5.0242958677880805e-15,3.552713678800501e-15,1e-09,False
1212,0.75,1.25,0.0,72.23162962962962,25.21333532334065,-23.619383734473114,25.21333532334065,48.612245895156505,54.76187295097181,7.944109290391274e-14,1e-09,True
1220,0.75,1.25,23.18884511864817,27.57255187637634,37.35718243334623,-73.42616713039197,60.5460275519944,-45.85361525401564,75.94982214719242,1.3574899906062966e-13,1e-09,True
1221,0.75,1.25,0.0,72.23162962962962,25.213335323340644,-23.61938373447311,25.213335323340644,48.61224589515651,54.761872950971814,9.099386826154683e-14,1e-09,True
1222,0.75,1.25,0.0,-0.0,1.4210854715202004e-14,-3.552713678800501e-15,1.4210854715202004e-14,-3.552713678800501e-15,1.464821375527116e-14,2.842170943040401e-14,1e-09,False
2000,0.75,1.25,0.0,-0.0,8.881784197001252e-16,-1.7763568394002505e-15,8.881784197001252e-16,-1.7763568394002505e-15,1.9860273225978185e-15,3.2023728339893768e-15,1e-09,False
2001,0.75,1.25,8.502962971653992e-15,-40.81173013553335,-60.57576615430201,21.465094024615855,-60.575766154302,-19.346636110917498,63.59021759664718,1.2868476258827026e-13,1e-09,True
2002,0.75,1.25,-1.5229554640539458e-14,72.7833773160884,48.06891442549372,-14.448324979978336,48.06891442549371,58.33505233611007,75.58835138499938,1.2100106776761097e-13,1e-09,True
2010,0.75,1.25,-8.502962971653992e-15,40.81173013553335,60.575766154301995,-21.46509402461586,60.57576615430199,19.346636110917494,63.590217596647165,1.1506624801925828e-13,1e-09,True
2011,0.75,1.25,0.0,-0.0,0.0,0.0,0.0,0.0,0.0,8.881784197001252e-16,1e-09,False
2012,0.75,1.25,23.188845118648175,-27.572551876376334,-73.66596572237576,-43.760327109202166,-50.477120603727585,-71.3328789855785,87.38603623471228,1.464821375527116e-13,1e-09,True
2020,0.75,1.25,-1.5229554640539458e-14,72.7833773160884,48.06891442549373,-14.448324979978338,48.068914425493716,58.33505233611007,75.58835138499938,1.3796244387938543e-13,1e-09,True
2021,0.75,1.25,23.188845118648175,-27.572551876376334,-73.66596572237577,-43.760327109202166,-50.4771206037276,-71.3328789855785,87.38603623471228,1.5583418786108402e-13,1e-09,True
2022,0.75,1.25,0.0,-0.0,1.7763568394002505e-15,8.881784197001252e-16,1.7763568394002505e-15,8.881784197001252e-16,1.9860273225978185e-15,8.881784197001252e-16,1e-09,False
2100,0.75,1.25,0.0,-0.0,-2.220446049250313e-16,0.0,-2.220446049250313e-16,0.0,2.220446049250313e-16,1.1102230246251565e-15,1e-09,False
2101,0.75,1.25,3.522639686390984,-7.148020258534567,-3.309126237399094,6.425743105616725,0.21351344899188973,-0.722277152917842,0.7531747994506428,2.0961763384985138e-14,1e-09,True
2102,0.75,1.25,23.188845118648175,27.572551876376334,37.35718243334624,-73.42616713039197,60.54602755199441,-45.85361525401564,75.94982214719244,1.3101760682293512e-13,1e-09,True
2110,0.75,1.25,-3.522639686390986,7.148020258534567,3.3091262373990946,-6.425743105616725,-0.2135134489918915,0.722277152917842,0.7531747994506434,2.2315206618374916e-14,1e-09,True
2111,0.75,1.25,0.0,-0.0,3.552713678800501e-15,3.552713678800501e-15,3.552713678800501e-15,3.552713678800501e-15,5.0242958677880805e-15,3.552713678800501e-15,1e-09,False
2112,0.75,1.25,0.0,72.23162962962962,25.213335323340644,-23.61938373447311,25.213335323340644,48.61224589515651,54.761872950971814,9.099386826154683e-14,1e-09,True
2120,0.75,1.25,23.18884511864817,27.57255187637634,37.35718243334624,-73.42616713039199,60.54602755199441,-45.85361525401565,75.94982214719244,1.5583418786108402e-13,1e-09,True
2121,0.75,1.25,0.0,72.23162962962962,25.21333532334065,-23.619383734473114,25.21333532334065,48.612245895156505,54.76187295097181,7.944109290391274e-14,1e-09,True
2122,0.75,1.25,0.0,-0.0,1.4210854715202004e-14,-3.552713678800501e-15,1.4210854715202004e-14,-3.552713678800501e-15,1.464821375527116e-14,2.842170943040401e-14,1e-09,False
2200,0.75,1.25,44.24255047181361,22.927103515305912,-13.704916278728604,-51.44513824009195,30.537634193085005,-28.518034724786038,41.78307560095088,1.9197807555011502e-13,1e-09,True
2201,0.75,1.25,33.025065846378915,9.470097502492024,47.43349971338388,-101.66028376940515,80.4585655597628,-92.19018626691313,122.36262180855225,2.0197419421992741e-13,1e-09,True
2202,0.75,1.25,0.0,-0.0,-1.7763568394002505e-15,0.0,-1.7763568394002505e-15,0.0,1.7763568394002505e-15,8.881784197001252e-16,1e-09,False
2210,0.75,1.25,33.025065846378915,9.470097502492036,47.43349971338388,-101.66028376940514,80.4585655597628,-92.1901862669131,122.36262180855223,2.0097183471152322e-13,1e-09,True
2211,0.75,1.25,0.0,94.41614814814814,36.549925428689846,-26.742538247376494,36.549925428689846,67.67360990077165,76.9130322237045,6.07087979554246e-14,1e-09,True
2212,0.75,1.25,0.0,-0.0,1.4210854715202004e-14,-3.552713678800501e-15,1.4210854715202004e-14,-3.552713678800501e-15,1.464821375527116e-14,2.842170943040401e-14,1e-09,False
2220,0.75,1.25,0.0,-0.0,1.3322676295501878e-15,0.0,1.3322676295501878e-15,0.0,1.3322676295501878e-15,1.7763568394002505e-15,1e-09,False
2221,0.75,1.25,0.0,-0.0,1.4210854715202004e-14,-3.552713678800501e-15,1.4210854715202004e-14,-3.552713678800501e-15,1.464821375527116e-14,2.842170943040401e-14,1e-09,False
2222,0.75,1.25,0.0,-49.660444444444444,-40.7823250655061,25.665966844799385,-40.7823250655061,-23.99447759964506,47.3173646035837,7.246142549764705e-14,1e-09,True
0000,1.0,2.0,0.0,-166.48090277777777,-403.2273595358341,142.21157743333103,-403.2273595358341,-24.26932534444674,403.95705666681386,1.033003050303378e-12,1e-09,True
0001,1.0,2.0,31.283542343454563,-7.950615180078028,-48.999417343540216,9.973438769285584,-17.715875000085653,2.0228235892075563,17.830985454868006,1.8665276054262033e-13,1e-09,True
0002,1.0,2.0,0.0,-0.0,0.0,2.220446049250313e-15,0.0,2.220446049250313e-15,2.220446049250313e-15,3.972054645195637e-15,1e-09,False
0010,1.0,2.0,31.283542343454563,-7.950615180078028,-48.99941734354023,9.973438769285586,-17.715875000085667,2.022823589207558,17.83098545486802,2.0097183471152322e-13,1e-09,True
0011,1.0,2.0,-12.845410194423895,21.846474075561744,41.66051226924892,-40.97598186444158,28.815102074825024,-19.129507788879835,34.58682084013215,4.938783168902405e-13,1e-09,True
0012,1.0,2.0,0.0,-0.0,-1.7763568394002505e-15,8.881784197001252e-16,-1.7763568394002505e-15,8.881784197001252e-16,1.9860273225978185e-15,2.808666774861361e-15,1e-09,False
0020,1.0,2.0,0.0,-0.0,0.0,2.220446049250313e-15,0.0,2.220446049250313e-15,2.220446049250313e-15,3.552713678800501e-15,1e-09,False
0021,1.0,2.0,0.0,-0.0,-1.7763568394002505e-15,8.881784197001252e-16,-1.7763568394002505e-15,8.881784197001252e-16,1.9860273225978185e-15,2.808666774861361e-15,1e-09,False
0022,1.0,2.0,-27.71524245268934,-16.002848645997407,-16.23996862313843,33.56208723590395,-43.95521107582777,17.559238589906546,47.3327311759826,3.007241496364015e-13,1e-09,True
0100,1.0,2.0,31.283542343454567,7.950615180078039,9.363855100717291,-33.504116044905246,40.64739744417186,-25.553500864827207,48.01241845015927,3.5591028183626447e-13,1e-09,True
0101,1.0,2.0,2.3600309376051307e-15,-7.32742762108579,13.410741873413123,-19.49725054117089,13.410741873413125,-26.824678162256678,29.99018766370038,1.47394807675802e-13,1e-09,True
0102,1.0,2.0,-8.667493854413097e-15,28.846893269423628,48.89029366672603,-38.654271835308045,48.89029366672602,-9.807378565884417,49.86427066701447,2.1125954315434834e-13,1e-09,True
0110,1.0,2.0,2.3600309376051307e-15,-7.32742762108579,13.41074187341312,-19.497250541170896,13.410741873413121,-26.824678162256685,29.990187663700386,1.5211465436289404e-13,1e-09,True
0111,1.0,2.0,-33.267395261707016,29.537841191480524,87.09305688109438,62.14060107413907,53.82566161938737,91.6784422656196,106.31151689734907,5.429959962425187e-13,1e-09,True
0112,1.0,2.0,-0.5134424038587655,-5.972146959946576,-4.707533285967198,-2.7146096806551494,-5.220975689825964,-8.686756640601725,10.135005085681598,8.747542958250513e-15,1e-09,True
0120,1.0,2.0,8.667493854413097e-15,-28.846893269423628,-48.89029366672602,38.654271835308045,-48.890293666726016,9.807378565884417,49.864270667014466,2.0222400779001798e-13,1e-09,True
0121,1.0,2.0,0.5134424038587655,5.972146959946576,4.707533285967198,2.7146096806551494,5.220975689825964,8.686756640601725,10.135005085681598,9.565974336450906e-15,1e-09,True
0122,1.0,2.0,26.906119583533346,-3.810370595639969,-92.67319004205537,-66.0100292143746,-65.76707045852203,-69.82039981001456,95.9176510676032,6.434238129413513e-13,1e-09,True
0200,1.0,2.0,0.0,-0.0,-1.1102230246251565e-15,-1.7763568394002505e-15,-1.1102230246251565e-15,-1.7763568394002505e-15,2.094764613337708e-15,2.5989654674417885e-15,1e-09,False
0201,1.0,2.0,-8.667493854413097e-15,28.846893269423628,48.89029366672603,-38.654271835308045,48.89029366672602,-9.807378565884417,49.86427066701447,2.1125954315434834e-13,1e-09,True
0202,1.0,2.0,-1.6609535135074977e-14,54.93249204401807,31.88775964610449,-21.876529307054742,31.887759646104474,33.05596273696332,45.92957530519128,1.7112135109858138e-13,1e-09,True
0210,1.0,2.0,8.667493854413097e-15,-28.846893269423628,-48.89029366672602,38.654271835308045,-48.890293666726016,9.807378565884417,49.864270667014466,2.0222400779001798e-13,1e-09,True
0211,1.0,2.0,0.0,-0.0,0.0,0.0,0.0,0.0,0.0,1.7763568394002505e-15,1e-09,False
0212,1.0,2.0,28.068891545465643,-16.5662850047588,-78.03331359918668,-50.79474344024504,-49.96442205372104,-67.36102844500384,83.86865698418559,4.0394838843985483e-13,1e-09,True
0220,1.0,2.0,-1.6609535135074977e-14,54.93249204401807,31.887759646104495,-21.876529307054746,31.887759646104477,33.05596273696332,45.929575305191285,1.7112135109858138e-13,1e-09,True
0221,1.0,2.0,28.068891545465643,-16.5662850047588,-78.03331359918671,-50.794743440245036,-49.964422053721066,-67.36102844500384,83.8686569841856,4.2251908630869667e-13,1e-09,True
0222,1.0,2.0,0.0,-0.0,0.0,4.440892098500626e-16,0.0,4.440892098500626e-16,4.440892098500626e-16,1.7763568394002505e-15,1e-09,False
1000,1.0,2.0,31.283542343454567,7.950615180078039,9.363855100717293,-33.50411604490525,40.64739744417186,-25.553500864827214,48.01241845015927,3.6230712748823527e-13,1e-09,True
1001,1.0,2.0,2.3600309376051307e-15,-7.32742762108579,13.410741873413123,-19.497250541170892,13.410741873413125,-26.82467816225668,29.990187663700382,1.5844465736576125e-13,1e-09,True
1002,1.0,2.0,8.667493854413097e-15,-28.846893269423628,-48.89029366672602,38.65427183530804,-48.890293666726016,9.80737856588441,49.86427066701446,2.0691316789454157e-13,1e-09,True
1010,1.0,2.0,2.3600309376051307e-15,-7.32742762108579,13.41074187341312,-19.497250541170885,13.410741873413121,-26.824678162256674,29.990187663700375,1.4238583238573986e-13,1e-09,True
1011,1.0,2.0,-33.267395261707016,29.537841191480524,87.09305688109438,62.1406010741391,53.82566161938737,91.67844226561962,106.3115168973491,5.534940923482295e-13,1e-09,True
1012,1.0,2.0,0.5134424038587655,5.972146959946576,4.707533285967198,2.7146096806551494,5.220975689825964,8.686756640601725,10.135005085681598,1.03578512786223e-14,1e-09,True
1020,1.0,2.0,-8.667493854413097e-15,28.846893269423628,48.89029366672604,-38.65427183530805,48.89029366672603,-9.807378565884424,49.86427066701448,2.1796412355254754e-13,1e-09,True
1021,1.0,2.0,-0.5134424038587655,-5.972146959946576,-4.707533285967198,-2.7146096806551494,-5.220975689825964,-8.686756640601725,10.135005085681598,8.747542958250513e-15,1e-09,True
1022,1.0,2.0,26.906119583533346,-3.810370595639969,-92.67319004205537,-66.01002921437458,-65.76707045852203,-69.82039981001455,95.9176510676032,6.029155041345696e-13,1e-09,True
1100,1.0,2.0,12.845410194423895,21.846474075561737,47.29829425053232,11.403374392917351,60.143704444956214,33.24984846847909,68.72275902158663,2.453173877602249e-13,1e-09,True
1101,1.0,2.0,-33.267395261707016,-29.537841191480524,14.919177611628314,107.43230501303756,-18.348217650078702,77.89446382155704,80.02627434150935,4.4076564390908354e-13,1e-09,True
1102,1.0,2.0,0.0,-0.0,4.440892098500626e-16,-8.881784197001252e-16,4.440892098500626e-16,-8.881784197001252e-16,9.930136612989092e-16,9.930136612989092e-16,1e-09,False
1110,1.0,2.0,-33.267395261706994,-29.53784119148054,14.91917761162831,107.43230501303758,-18.348217650078684,77.89446382155704,80.02627434150935,4.370993026273175e-13,1e-09,True
1111,1.0,2.0,0.0,-78.45654296875,-65.39405495812159,144.56173919079308,-65.39405495812159,66.10519622204308,92.98537192172027,5.349400630825218e-13,1e-09,True
1112,1.0,2.0,0.0,-0.0,1.4210854715202004e-14,0.0,1.4210854715202004e-14,0.0,1.4210854715202004e-14,1.5888218580782548e-14,1e-09,False
1120,1.0,2.0,0.0,-0.0,8.881784197001252e-16,3.552713678800501e-15,8.881784197001252e-16,3.552713678800501e-15,3.66205343881779e-15,3.66205343881779e-15,1e-09,False
1121,1.0,2.0,0.0,-0.0,1.4210854715202004e-14,0.0,1.4210854715202004e-14,0.0,1.4210854715202004e-14,1.5888218580782548e-14,1e-09,False
1122,1.0,2.0,0.0,88.4609375,49.38158686464128,-129.86129261440269,49.38158686464128,-41.400355114402686,64.44013132255986,4.549693413077341e-13,1e-09,True
1200,1.0,2.0,0.0,-0.0,0.0,-4.440892098500626e-16,0.0,-4.440892098500626e-16,4.440892098500626e-16,4.440892098500626e-16,1e-09,False
1201,1.0,2.0,-0.5134424038587655,5.972146959946576,-1.7754225755019397,-6.4165632550976515,-2.288864979360705,-0.4444162951510755,2.3316107602127096,3.2330182483522123e-14,1e-09,True
1202,1.0,2.0,28.068891545465643,16.5662850047588,-12.031519693376168,-101.8768521797124,16.037371852089475,-85.3105671749536,86.80489714085527,3.5315117679518083e-13,1e-09,True
1210,1.0,2.0,0.5134424038587674,-5.972146959946576,1.7754225755019402,6.416563255097649,2.2888649793607074,0.44441629515107284,2.3316107602127114,2.968429940443045e-14,1e-09,True
1211,1.0,2.0,0.0,-0.0,1.4210854715202004e-14,0.0,1.4210854715202004e-14,0.0,1.4210854715202004e-14,1.5888218580782548e-14,1e-09,False
1212,1.0,2.0,0.0,67.974609375,49.03905868298622,-126.68567673915625,49.03905868298622,-58.71106736415625,76.49718104317218,4.3892911240506297e-13,1e-09,True
1220,1.0,2.0,28.068891545465636,16.56628500475881,-12.031519693376168,-101.87685217971239,16.037371852089468,-85.31056717495358,86.80489714085525,3.510541355079688e-13,1e-09,True
1221,1.0,2.0,0.0,67.974609375,49.03905868298622,-126.68567673915624,49.03905868298622,-58.711067364156236,76.49718104317216,4.2585168284209933e-13,1e-09,True
1222,1.0,2.0,0.0,-0.0,-7.105427357601002e-15,-2.842170943040401e-14,-7.105427357601002e-15,-2.842170943040401e-14,2.929642751054232e-14,3.1776437161565096e-14,1e-09,False
2000,1.0,2.0,0.0,-0.0,-4.440892098500626e-16,0.0,-4.440892098500626e-16,0.0,4.440892098500626e-16,1.1102230246251565e-15,1e-09,False
2001,1.0,2.0,8.667493854413097e-15,-28.846893269423628,-48.89029366672602,38.65427183530804,-48.890293666726016,9.80737856588441,49.86427066701446,2.0691316789454157e-13,1e-09,True
2002,1.0,2.0,-1.6609535135074977e-14,54.93249204401807,31.88775964610449,-21.876529307054746,31.887759646104474,33.05596273696332,45.92957530519128,1.6587787186393757e-13,1e-09,True
2010,1.0,2.0,-8.667493854413097e-15,28.846893269423628,48.89029366672604,-38.65427183530805,48.89029366672603,-9.807378565884424,49.86427066701448,2.1796412355254754e-13,1e-09,True
2011,1.0,2.0,0.0,-0.0,0.0,0.0,0.0,0.0,0.0,1.7763568394002505e-15,1e-09,False
2012,1.0,2.0,28.068891545465643,-16.5662850047588,-78.03331359918671,-50.794743440245036,-49.964422053721066,-67.36102844500384,83.8686569841856,4.2251908630869667e-13,1e-09,True
2020,1.0,2.0,-1.6609535135074977e-14,54.93249204401807,31.88775964610449,-21.876529307054746,31.887759646104474,33.05596273696332,45.92957530519128,1.7112135109858138e-13,1e-09,True
2021,1.0,2.0,28.068891545465643,-16.5662850047588,-78.03331359918668,-50.79474344024504,-49.96442205372104,-67.36102844500384,83.86865698418559,3.8395615110023005e-13,1e-09,True
2022,1.0,2.0,0.0,-0.0,0.0,0.0,0.0,0.0,0.0,1.7763568394002505e-15,1e-09,False
2100,1.0,2.0,0.0,-0.0,0.0,-4.440892098500626e-16,0.0,-4.440892098500626e-16,4.440892098500626e-16,4.440892098500626e-16,1e-09,False
2101,1.0,2.0,0.5134424038587655,-5.972146959946576,1.7754225755019397,6.416563255097649,2.288864979360705,0.44441629515107284,2.331610760212709,2.8268641583721086e-14,1e-09,True
2102,1.0,2.0,28.068891545465643,16.5662850047588,-12.031519693376168,-101.87685217971239,16.037371852089475,-85.31056717495359,86.80489714085526,3.5315117679518083e-13,1e-09,True
2110,1.0,2.0,-0.5134424038587674,5.972146959946576,-1.7754225755019397,-6.41656325509765,-2.288864979360707,-0.4444162951510737,2.331610760212711,3.135471101974448e-14,1e-09,True
2111,1.0,2.0,0.0,-0.0,1.4210854715202004e-14,0.0,1.4210854715202004e-14,0.0,1.4210854715202004e-14,1.5888218580782548e-14,1e-09,False
2112,1.0,2.0,0.0,67.974609375,49.03905868298622,-126.68567673915624,49.03905868298622,-58.711067364156236,76.49718104317216,4.2585168284209933e-13,1e-09,True
2120,1.0,2.0,28.068891545465636,16.56628500475881,-12.031519693376168,-101.87685217971239,16.037371852089468,-85.31056717495358,86.80489714085525,3.2846754525411996e-13,1e-09,True
2121,1.0,2.0,0.0,67.974609375,49.03905868298622,-126.68567673915625,49.03905868298622,-58.71106736415625,76.49718104317218,4.3892911240506297e-13,1e-09,True
2122,1.0,2.0,0.0,-0.0,-7.105427357601002e-15,-2.842170943040401e-14,-7.105427357601002e-15,-2.842170943040401e-14,2.929642751054232e-14,3.1776437161565096e-14,1e-09,False
2200,1.0,2.0,27.71524245268933,-16.002848645997418,-28.96759797588964,-16.00600738797349,-1.2523555232003076,-32.00885603397091,32.03334604689254,2.346136366938233e-13,1e-09,True
2201,1.0,2.0,26.906119583533346,3.810370595639969,-17.86987404410051,-118.0642564251303,9.036245539432837,-114.25388582949033,114.61066338080035,3.6813040166458415e-13,1e-09,True
2202,1.0,2.0,0.0,-0.0,4.440892098500626e-16,-2.6645352591003757e-15,4.440892098500626e-16,-2.6645352591003757e-15,2.7012892057857038e-15,3.552713678800501e-15,1e-09,False
2210,1.0,2.0,26.906119583533346,3.8103705956399807,-17.869874044100506,-118.06425642513028,9.03624553943284,-114.2538858294903,114.61066338080032,3.5640642306544957e-13,1e-09,True
2211,1.0,2.0,0.0,88.4609375,49.38158686464128,-129.86129261440269,49.38158686464128,-41.400355114402686,64.44013132255986,4.549693413077341e-13,1e-09,True
2212,1.0,2.0,0.0,-0.0,-7.105427357601002e-15,-2.842170943040401e-14,-7.105427357601002e-15,-2.842170943040401e-14,2.929642751054232e-14,3.1776437161565096e-14,1e-09,False
2220,1.0,2.0,0.0,-0.0,0.0,0.0,0.0,0.0,0.0,0.0,1e-09,False
2221,1.0,2.0,0.0,-0.0,-7.105427357601002e-15,-2.842170943040401e-14,-7.105427357601002e-15,-2.842170943040401e-14,2.929642751054232e-14,3.1776437161565096e-14,1e-09,False
2222,1.0,2.0,0.0,-45.90625,-51.55040308990772,122.31142678682362,-51.55040308990772,76.40517678682362,92.16938265258013,4.3869900538405577e-13,1e-09,True
0000,2.0,3.0,0.0,-39.695023148148145,-60.921547651463385,28.877458069516322,-60.921547651463385,-10.817565078631823,61.8745075332318,1.5635976840162433e-13,1e-09,True
0001,2.0,3.0,5.030893742391201,14.575740727300767,-4.999748709462546,-12.646614419761535,0.031145032928654892,1.9291263075392315,1.9293777036951776,5.872733501212416e-14,1e-09,True
0002,2.0,3.0,0.0,-0.0,3.885780586188048e-16,-2.220446049250313e-16,3.885780586188048e-16,-2.220446049250313e-16,4.47545209131181e-16,2.9893669801409083e-16,1e-09,False
0010,2.0,3.0,5.030893742391201,14.575740727300767,-4.999748709462546,-12.646614419761535,0.031145032928654892,1.9291263075392315,1.9293777036951776,5.868030207224326e-14,1e-09,True
0011,2.0,3.0,-0.9244318583689323,-6.728527937478031,2.3935262989512482,9.796486542747884,1.469094440582316,3.067958605269853,3.4015597126905193,1.0848532227356313e-13,1e-09,True
0012,2.0,3.0,0.0,-0.0,0.0,0.0,0.0,0.0,0.0,2.2887833992611187e-16,1e-09,False
0020,2.0,3.0,0.0,-0.0,2.220446049250313e-16,2.220446049250313e-16,2.220446049250313e-16,2.220446049250313e-16,3.1401849173675503e-16,4.577566798522237e-16,1e-09,False
0021,2.0,3.0,0.0,-0.0,0.0,0.0,0.0,0.0,0.0,2.2887833992611187e-16,1e-09,False
0022,2.0,3.0,10.926008162849403,-1.4393666299475996,-3.994726830872004,-6.0131865995071845,6.931281331977399,-7.452553229454784,10.177583728020876,8.445171072336645e-14,1e-09,True
0100,2.0,3.0,5.030893742391209,-14.575740727300762,-7.064101387910943,0.07515919088296003,-2.0332076455197345,-14.500581536417801,14.642431431429028,6.123280070775359e-14,1e-09,True
0101,2.0,3.0,1.9146028336476363e-15,-3.531879567753905,1.5807865340574327,-6.508594626476479,1.5807865340574347,-10.040474194230384,10.164153093655349,4.089480552672362e-14,1e-09,True
0102,2.0,3.0,-3.986083511649015e-15,7.404331899993061,10.035250391815751,-8.124412156577726,10.035250391815747,-0.7200802565846649,10.061051933190742,3.6230712748823524e-14,1e-09,True
0110,2.0,3.0,1.9146028336476363e-15,-3.531879567753905,1.5807865340574327,-6.508594626476477,1.5807865340574347,-10.040474194230383,10.164153093655347,3.880193734107715e-14,1e-09,True
0111,2.0,3.0,-13.784624359006695,-3.4111705781705726,1.9506756781793406,29.66702961388516,-11.833948680827355,26.255859035714586,28.79952213290649,1.1403325463066973e-13,1e-09,True
0112,2.0,3.0,1.2911443391023383,-1.1886089976548098,-0.2865914961160132,-1.0279379973116476,1.004552842986325,-2.2165469949664574,2.4335585045867996,3.1791949213824896e-15,1e-09,True
0120,2.0,3.0,3.986083511649015e-15,-7.404331899993061,-10.035250391815755,8.124412156577728,-10.035250391815751,0.7200802565846667,10.061051933190745,3.66205343881779e-14,1e-09,True
0121,2.0,3.0,-1.2911443391023383,1.1886089976548098,0.286591496116013,1.0279379973116474,-1.0045528429863253,2.216546994966457,2.4335585045867996,2.7012892057857038e-15,1e-09,True
0122,2.0,3.0,7.736236739914002,2.6932563072316857,-2.136566106686323,-30.2869992322324,5.599670633227679,-27.593742925000715,28.156188659185737,1.290061956552773e-13,1e-09,True
0200,2.0,3.0,0.0,-0.0,2.220446049250313e-16,-3.3306690738754696e-16,2.220446049250313e-16,-3.3306690738754696e-16,4.002966042486721e-16,4.335559509131367e-16,1e-09,False
0201,2.0,3.0,-3.986083511649015e-15,7.404331899993061,10.035250391815751,-8.124412156577726,10.035250391815747,-0.7200802565846649,10.061051933190742,3.6230712748823524e-14,1e-09,True
0202,2.0,3.0,-8.184180248622041e-15,15.186312934425775,5.084048789940411,-4.051300142979357,5.084048789940403,11.135012791446417,12.240754141970577,2.774758085844075e-14,1e-09,True
0210,2.0,3.0,3.986083511649015e-15,-7.404331899993061,-10.035250391815755,8.124412156577728,-10.035250391815751,0.7200802565846667,10.061051933190745,3.66205343881779e-14,1e-09,True
0211,2.0,3.0,0.0,-0.0,-4.440892098500626e-16,-6.661338147750939e-16,-4.440892098500626e-16,-6.661338147750939e-16,8.005932084973442e-16,9.930136612989092e-16,1e-09,False
0212,2.0,3.0,10.385731519871994,3.0425473229046025,-2.0161620519477257,-26.380297598259904,8.369569467924268,-23.3377502753553,24.793149880425773,8.881784197001252e-14,1e-09,True
0220,2.0,3.0,-8.184180248622041e-15,15.186312934425775,5.08404878994041,-4.051300142979358,5.084048789940402,11.135012791446417,12.240754141970577,2.6407442894293542e-14,1e-09,True
0221,2.0,3.0,10.385731519871994,3.0425473229046025,-2.0161620519477275,-26.380297598259908,8.369569467924267,-23.337750275355305,24.793149880425776,8.788928253162695e-14,1e-09,True
0222,2.0,3.0,0.0,-0.0,0.0,-6.661338147750939e-16,0.0,-6.661338147750939e-16,6.661338147750939e-16,1.1102230246251565e-15,1e-09,False
1000,2.0,3.0,5.030893742391209,-14.575740727300762,-7.064101387910945,0.0751591908829603,-2.0332076455197363,-14.500581536417801,14.642431431429028,6.286019626323202e-14,1e-09,True
1001,2.0,3.0,1.9146028336476363e-15,-3.531879567753905,1.5807865340574323,-6.5085946264764765,1.5807865340574343,-10.04047419423038,10.164153093655345,3.7221458391556904e-14,1e-09,True
1002,2.0,3.0,3.986083511649015e-15,-7.404331899993061,-10.035250391815755,8.124412156577726,-10.035250391815751,0.7200802565846649,10.061051933190745,3.6230712748823524e-14,1e-09,True
1010,2.0,3.0,1.9146028336476363e-15,-3.531879567753905,1.5807865340574327,-6.50859462647648,1.5807865340574347,-10.040474194230384,10.164153093655349,4.3756310639472015e-14,1e-09,True
1011,2.0,3.0,-13.784624359006695,-3.4111705781705726,1.9506756781793413,29.667029613885166,-11.833948680827355,26.255859035714593,28.799522132906496,1.2820571680383445e-13,1e-09,True
1012,2.0,3.0,-1.2911443391023383,1.1886089976548098,0.286591496116013,1.0279379973116471,-1.0045528429863253,2.216546994966457,2.4335585045867996,2.673771110915334e-15,1e-09,True
1020,2.0,3.0,-3.986083511649015e-15,7.404331899993061,10.035250391815751,-8.124412156577726,10.035250391815747,-0.7200802565846649,10.061051933190742,3.449061096984636e-14,1e-09,True
1021,2.0,3.0,1.2911443391023383,-1.1886089976548098,-0.2865914961160132,-1.0279379973116476,1.004552842986325,-2.2165469949664574,2.4335585045867996,3.580361673049448e-15,1e-09,True
1022,2.0,3.0,7.736236739914002,2.6932563072316857,-2.136566106686324,-30.286999232232397,5.599670633227678,-27.59374292500071,28.156188659185734,1.2889302022978012e-13,1e-09,True
1100,2.0,3.0,0.9244318583689297,-6.728527937478031,-3.787241014487832,-4.4192615405385425,-2.862809156118902,-11.147789478016573,11.509512870253687,1.4238583238573986e-14,1e-09,True
1101,2.0,3.0,-13.784624359006695,3.4111705781705726,26.01395446365308,15.68075727834537,12.229330104646383,19.09192785651594,22.67285213833539,1.0056439133676179e-13,1e-09,True
1102,2.0,3.0,0.0,-0.0,2.220446049250313e-16,-2.220446049250313e-16,2.220446049250313e-16,-2.220446049250313e-16,3.1401849173675503e-16,7.021666937153402e-16,1e-09,False
1110,2.0,3.0,-13.7846243590067,3.411170578170566,26.01395446365308,15.680757278345371,12.229330104646378,19.091927856515937,22.672852138335383,1.0395861869767154e-13,1e-09,True
1111,2.0,3.0,0.0,-25.99224175347222,-20.96454328573424,49.48856205408226,-20.96454328573424,23.496320300610037,31.4895084567588,1.7422791863792823e-13,1e-09,True
1112,2.0,3.0,0.0,-0.0,0.0,-1.7763568394002505e-15,0.0,-1.7763568394002505e-15,1.7763568394002505e-15,3.972054645195637e-15,1e-09,False
1120,2.0,3.0,0.0,-0.0,0.0,-2.220446049250313e-16,0.0,-2.220446049250313e-16,2.220446049250313e-16,4.965068306494546e-16,1e-09,False
1121,2.0,3.0,0.0,-0.0,0.0,-1.7763568394002505e-15,0.0,-1.7763568394002505e-15,1.7763568394002505e-15,3.972054645195637e-15,1e-09,False
1122,2.0,3.0,0.0,29.474247685185187,17.16822295725579,-45.2210660202128,17.16822295725579,-15.746818335027616,23.296140607113585,1.5518487592090619e-13,1e-09,True
1200,2.0,3.0,0.0,-0.0,-1.1102230246251565e-16,-6.661338147750939e-16,-1.1102230246251565e-16,-6.661338147750939e-16,6.753223014464259e-16,2.2887833992611187e-16,1e-09,False
1201,2.0,3.0,1.2911443391023383,1.1886089976548098,-1.2431685322297275,-0.3911066902603315,0.04797580687261083,0.7975023073944782,0.7989440583323685,4.6840360722841785e-15,1e-09,True
1202,2.0,3.0,10.385731519871994,-3.0425473229046025,-23.77577146442207,-15.492492499552643,-13.390039944550077,-18.535039822457247,22.865713873324022,9.972942541209448e-14,1e-09,True
1210,2.0,3.0,-1.2911443391023378,-1.1886089976548102,1.2431685322297277,0.3911066902603315,-0.04797580687261016,-0.7975023073944787,0.7989440583323688,4.905125646631375e-15,1e-09,True
1211,2.0,3.0,0.0,-0.0,0.0,-1.7763568394002505e-15,0.0,-1.7763568394002505e-15,1.7763568394002505e-15,3.972054645195637e-15,1e-09,False
1212,2.0,3.0,0.0,22.718677662037035,17.61022173500306,-44.02887775302731,17.61022173500306,-21.310200090990275,27.644973095917745,1.505613063586757e-13,1e-09,True
1220,2.0,3.0,10.385731519871998,-3.0425473229045976,-23.77577146442207,-15.49249249955264,-13.390039944550074,-18.535039822457236,22.86571387332401,9.59397156662389e-14,1e-09,True
1221,2.0,3.0,0.0,22.718677662037035,17.610221735003062,-44.0288777530273,17.610221735003062,-21.310200090990268,27.644973095917745,1.5571264811463782e-13,1e-09,True
1222,2.0,3.0,0.0,-0.0,1.7763568394002505e-15,5.329070518200751e-15,1.7763568394002505e-15,5.329070518200751e-15,5.617333549722722e-15,3.552713678800501e-15,1e-09,False
2000,2.0,3.0,0.0,-0.0,2.220446049250313e-16,0.0,2.220446049250313e-16,0.0,2.220446049250313e-16,4.440892098500626e-16,1e-09,False
2001,2.0,3.0,3.986083511649015e-15,-7.404331899993061,-10.035250391815755,8.124412156577726,-10.035250391815751,0.7200802565846649,10.061051933190745,3.6230712748823524e-14,1e-09,True
2002,2.0,3.0,-8.184180248622041e-15,15.186312934425775,5.084048789940409,-4.051300142979357,5.084048789940401,11.135012791446417,12.240754141970575,2.6407442894293542e-14,1e-09,True
2010,2.0,3.0,-3.986083511649015e-15,7.404331899993061,10.035250391815751,-8.124412156577726,10.035250391815747,-0.7200802565846649,10.061051933190742,3.449061096984636e-14,1e-09,True
2011,2.0,3.0,0.0,-0.0,-4.440892098500626e-16,-8.881784197001252e-16,-4.440892098500626e-16,-8.881784197001252e-16,9.930136612989092e-16,9.694605782913356e-16,1e-09,False
2012,2.0,3.0,10.385731519871994,3.0425473229046025,-2.016162051947726,-26.38029759825991,8.369569467924268,-23.337750275355308,24.79314988042578,8.8336923618871e-14,1e-09,True
2020,2.0,3.0,-8.184180248622041e-15,15.186312934425775,5.084048789940409,-4.051300142979357,5.084048789940401,11.135012791446417,12.240754141970575,2.6407442894293542e-14,1e-09,True
2021,2.0,3.0,10.385731519871994,3.0425473229046025,-2.016162051947726,-26.380297598259908,8.369569467924268,-23.337750275355305,24.793149880425776,8.881784197001252e-14,1e-09,True
2022,2.0,3.0,0.0,-0.0,1.1102230246251565e-16,0.0,1.1102230246251565e-16,0.0,1.1102230246251565e-16,0.0,1e-09,False
2100,2.0,3.0,0.0,-0.0,-1.1102230246251565e-16,-6.661338147750939e-16,-1.1102230246251565e-16,-6.661338147750939e-16,6.753223014464259e-16,2.2887833992611187e-16,1e-09,False
2101,2.0,3.0,-1.2911443391023383,-1.1886089976548098,1.243168532229728,0.3911066902603315,-0.04797580687261038,-0.7975023073944782,0.7989440583323684,4.668220486087868e-15,1e-09,True
2102,2.0,3.0,10.385731519871994,-3.0425473229046025,-23.775771464422075,-15.49249249955264,-13.39003994455008,-18.535039822457243,22.86571387332402,9.972942541209448e-14,1e-09,True
2110,2.0,3.0,1.2911443391023378,1.1886089976548102,-1.2431685322297272,-0.39110669026033196,0.047975806872610605,0.7975023073944782,0.7989440583323684,5.4025784115714076e-15,1e-09,True
2111,2.0,3.0,0.0,-0.0,0.0,-1.7763568394002505e-15,0.0,-1.7763568394002505e-15,1.7763568394002505e-15,3.972054645195637e-15,1e-09,False
2112,2.0,3.0,0.0,22.718677662037035,17.610221735003062,-44.0288777530273,17.610221735003062,-21.310200090990268,27.644973095917745,1.5571264811463782e-13,1e-09,True
2120,2.0,3.0,10.385731519871998,-3.0425473229045976,-23.77577146442207,-15.49249249955264,-13.390039944550074,-18.535039822457236,22.86571387332401,9.279658205662839e-14,1e-09,True
2121,2.0,3.0,0.0,22.718677662037035,17.61022173500306,-44.02887775302731,17.61022173500306,-21.310200090990275,27.644973095917745,1.505613063586757e-13,1e-09,True
2122,2.0,3.0,0.0,-0.0,1.7763568394002505e-15,5.329070518200751e-15,1.7763568394002505e-15,5.329070518200751e-15,5.617333549722722e-15,3.552713678800501e-15,1e-09,False
2200,2.0,3.0,-10.926008162849401,-1.4393666299475933,0.7478479378598974,4.27980519860332,-10.178160224989504,2.8404385686557267,10.567073238502012,3.416890603644046e-14,1e-09,True
2201,2.0,3.0,7.736236739914002,-2.6932563072316857,-27.390836295000383,-16.008297403871936,-19.65459955508638,-18.70155371110362,27.130267136172755,9.77480602571575e-14,1e-09,True
2202,2.0,3.0,0.0,-0.0,2.220446049250313e-16,0.0,2.220446049250313e-16,0.0,2.220446049250313e-16,9.155133597044475e-16,1e-09,False
2210,2.0,3.0,7.736236739914004,-2.693256307231682,-27.39083629500038,-16.008297403871936,-19.654599555086378,-18.701553711103617,27.13026713617275,9.664426065637204e-14,1e-09,True
2211,2.0,3.0,0.0,29.474247685185187,17.16822295725579,-45.2210660202128,17.16822295725579,-15.746818335027616,23.296140607113585,1.5518487592090619e-13,1e-09,True
2212,2.0,3.0,0.0,-0.0,1.7763568394002505e-15,5.329070518200751e-15,1.7763568394002505e-15,5.329070518200751e-15,5.617333549722722e-15,3.552713678800501e-15,1e-09,False
2220,2.0,3.0,0.0,-0.0,0.0,0.0,0.0,0.0,0.0,9.155133597044475e-16,1e-09,False
2221,2.0,3.0,0.0,-0.0,1.7763568394002505e-15,5.329070518200751e-15,1.7763568394002505e-15,5.329070518200751e-15,5.617333549722722e-15,3.552713678800501e-15,1e-09,False
2222,2.0,3.0,0.0,-15.149305555555554,-16.17788457386366,41.61985401966096,-16.17788457386366,26.47054846410541,31.022796219486874,1.4942529592199414e-13,1e-09,True
