old_file,classification,new_file,original_execution,supported_execution,note
GitHub_bundle/original_scripts/angular_coefficients_v40.py,"scientific calculation, regression or reusable algebra",scripts/article_appC5_compute_angular_coefficients.py,NOT RUN (original kept immutable),See actual stage status in publication/REFERENCE_MAP.json,Scientific implementation retained through the listed adaptation; path/interface/header changes documented.
GitHub_bundle/original_scripts/apply_replacements.py,historical editorial/build orchestration; not a scientific entry point,,NOT RUN (original kept immutable),NOT RUN (editorial excluded),Not executed and excluded from all reproduction commands.
GitHub_bundle/original_scripts/assemble_radial_v40.py,"scientific calculation, regression or reusable algebra",scripts/supplement_sec1_2_assemble_contacts.py,NOT RUN (original kept immutable),See actual stage status in publication/REFERENCE_MAP.json,Scientific implementation retained through the listed adaptation; path/interface/header changes documented.
GitHub_bundle/original_scripts/audit_release_v40.py,historical editorial/build orchestration; not a scientific entry point,,NOT RUN (original kept immutable),NOT RUN (editorial excluded),Not executed and excluded from all reproduction commands.
GitHub_bundle/original_scripts/build_article_v40.py,historical editorial/build orchestration; not a scientific entry point,,NOT RUN (original kept immutable),NOT RUN (editorial excluded),Not executed and excluded from all reproduction commands.
GitHub_bundle/original_scripts/build_local_catalogue_v40.py,historical editorial/build orchestration; not a scientific entry point,,NOT RUN (original kept immutable),NOT RUN (editorial excluded),Not executed and excluded from all reproduction commands.
GitHub_bundle/original_scripts/build_mathematical_catalogue_v40.py,historical editorial/build orchestration; not a scientific entry point,,NOT RUN (original kept immutable),NOT RUN (editorial excluded),Not executed and excluded from all reproduction commands. Only the pure to_z helper was extracted verbatim to lib/half_angle_transform.py; the generator was never run.
GitHub_bundle/original_scripts/check_catalogue_v40.py,"scientific calculation, regression or reusable algebra",scripts/article_appC3_verify_contact_permutations.py,NOT RUN (original kept immutable),See actual stage status in publication/REFERENCE_MAP.json,Scientific implementation retained through the listed adaptation; path/interface/header changes documented.
GitHub_bundle/original_scripts/complete_angular_global_v40.py,"scientific calculation, regression or reusable algebra",scripts/article_appC7_complete_global_exchange.py,NOT RUN (original kept immutable),See actual stage status in publication/REFERENCE_MAP.json,Scientific implementation retained through the listed adaptation; path/interface/header changes documented.
GitHub_bundle/original_scripts/generate_radial_v40.py,"scientific calculation, regression or reusable algebra",scripts/supplement_sec1_3_generate_radial_sources.py,NOT RUN (original kept immutable),See actual stage status in publication/REFERENCE_MAP.json,Scientific implementation retained through the listed adaptation; path/interface/header changes documented.
GitHub_bundle/original_scripts/n02_background_diagnostics.py,"scientific calculation, regression or reusable algebra",scripts/article_appD4_compute_background_diagnostics.py,NOT RUN (original kept immutable),See actual stage status in publication/REFERENCE_MAP.json,"Historical counterpart retained. Working V52 scripts, not this historical file, are adapted as the supported entry points."
GitHub_bundle/original_scripts/noncom_original.py,"scientific calculation, regression or reusable algebra",lib/article_appC_noncom_engine.py,NOT RUN (original kept immutable),See actual stage status in publication/REFERENCE_MAP.json,Scientific implementation retained through the listed adaptation; path/interface/header changes documented.
GitHub_bundle/original_scripts/radial_coeff_algebra.py,"scientific calculation, regression or reusable algebra",lib/radial_coeff_algebra.py,NOT RUN (original kept immutable),See actual stage status in publication/REFERENCE_MAP.json,Scientific implementation retained through the listed adaptation; path/interface/header changes documented.
GitHub_bundle/original_scripts/radiation_adm_v40.py,"scientific calculation, regression or reusable algebra",lib/radiation_adm_v40.py,NOT RUN (original kept immutable),See actual stage status in publication/REFERENCE_MAP.json,Scientific implementation retained through the listed adaptation; path/interface/header changes documented.
GitHub_bundle/original_scripts/run_verifications_v40.py,historical editorial/build orchestration; not a scientific entry point,,NOT RUN (original kept immutable),NOT RUN (editorial excluded),Not executed and excluded from all reproduction commands.
GitHub_bundle/original_scripts/verify_analytic_v40.py,"scientific calculation, regression or reusable algebra",scripts/article_appsDE_verify_reduced_identities.py,NOT RUN (original kept immutable),See actual stage status in publication/REFERENCE_MAP.json,"Historical counterpart retained. Working V52 scripts, not this historical file, are adapted as the supported entry points."
GitHub_bundle/original_scripts/verify_angular_controls_v40.py,"scientific calculation, regression or reusable algebra",scripts/article_appC5_verify_angular_controls.py,NOT RUN (original kept immutable),See actual stage status in publication/REFERENCE_MAP.json,Scientific implementation retained through the listed adaptation; path/interface/header changes documented.
GitHub_bundle/original_scripts/verify_editorial_changes_v40.py,historical editorial/build orchestration; not a scientific entry point,,NOT RUN (original kept immutable),NOT RUN (editorial excluded),Not executed and excluded from all reproduction commands.
GitHub_bundle/original_scripts/verify_entropy_v44.py,"scientific calculation, regression or reusable algebra",scripts/article_sec7_3_verify_entropy.py,NOT RUN (original kept immutable),See actual stage status in publication/REFERENCE_MAP.json,"Historical counterpart retained. Working V52 scripts, not this historical file, are adapted as the supported entry points."
GitHub_bundle/original_scripts/verify_local_vertices_v40.py,"scientific calculation, regression or reusable algebra",scripts/supplement_sec1_6_verify_local_vertices.py,NOT RUN (original kept immutable),See actual stage status in publication/REFERENCE_MAP.json,"Historical counterpart retained. Working V52 scripts, not this historical file, are adapted as the supported entry points."
GitHub_bundle/original_scripts/verify_noncom_v40.py,"historical coefficient-file reader, superseded by fresh derivation and audit",scripts/article_appC3_compute_noncom_matrix_elements.py,NOT RUN (original kept immutable),See actual stage status in publication/REFERENCE_MAP.json,Original reader depended on missing results/noncom_v40/coefficients.json. New driver regenerates 81 kernels from preserved noncom_original.py and audits them; original missing JSON was not fabricated.
GitHub_bundle/original_scripts/verify_radial_controls_v40.py,"scientific calculation, regression or reusable algebra",scripts/article_appC3_verify_radial_controls.py,NOT RUN (original kept immutable),See actual stage status in publication/REFERENCE_MAP.json,Scientific implementation retained through the listed adaptation; path/interface/header changes documented.
GitHub_bundle/original_scripts/verify_soft_v40.py,"scientific calculation, regression or reusable algebra",scripts/article_appC6_verify_soft_limit.py,NOT RUN (original kept immutable),See actual stage status in publication/REFERENCE_MAP.json,Scientific implementation retained through the listed adaptation; path/interface/header changes documented.
GitHub_bundle/scripts/verify_analytic.py,working V52 scientific or source-structure check,scripts/article_appsDE_verify_reduced_identities.py,Original source unchanged; adapted implementation executed,See publication/REFERENCE_MAP.json,Algebra retained. Renamed with publication references; replaced developer paths/default interfaces; no new physical model.
GitHub_bundle/scripts/verify_local_vertices.py,working V52 scientific or source-structure check,scripts/supplement_sec1_6_verify_local_vertices.py,Original source unchanged; adapted implementation executed,See publication/REFERENCE_MAP.json,Algebra retained. Renamed with publication references; replaced developer paths/default interfaces; no new physical model.
GitHub_bundle/scripts/verify_entropy.py,working V52 scientific or source-structure check,scripts/article_sec7_3_verify_entropy.py,Original source unchanged; adapted implementation executed,See publication/REFERENCE_MAP.json,Algebra retained. Renamed with publication references; replaced developer paths/default interfaces; no new physical model.
GitHub_bundle/scripts/verify_catalogue.py,working V52 scientific or source-structure check,scripts/supplement_sec1_verify_printed_catalogue.py,Original source unchanged; adapted implementation executed,See publication/REFERENCE_MAP.json,Algebra retained. Renamed with publication references; replaced developer paths/default interfaces; no new physical model.
GitHub_bundle/scripts/n02_background_diagnostics.py,working V52 scientific or source-structure check,scripts/article_appD4_compute_background_diagnostics.py,Original source unchanged; adapted implementation executed,See publication/REFERENCE_MAP.json,Algebra retained. Renamed with publication references; replaced developer paths/default interfaces; no new physical model.
GitHub_bundle/scripts/verify_release.py,working V52 scientific or source-structure check,scripts/article_V52_verify_source_transcription.py,Original source unchanged; adapted implementation executed,See publication/REFERENCE_MAP.json,Algebra retained. Renamed with publication references; replaced developer paths/default interfaces; no new physical model.
GitHub_bundle/scripts/plot_strong_coupling.py,working V52 scientific or source-structure check,scripts/article_fig03_plot_strong_coupling.py,Original source unchanged; adapted implementation executed,See publication/REFERENCE_MAP.json,Algebra retained. Renamed with publication references; replaced developer paths/default interfaces; no new physical model.
,NEW implementation or new verification of existing V52 equations,scripts/article_appC1_verify_mixed_normalization.py,Not applicable: explicitly new implementation,See publication/REFERENCE_MAP.json,"Purpose, existing equation references, input configuration and limits are documented in the English source header."
,NEW implementation or new verification of existing V52 equations,scripts/article_appC3_verify_noncom_finite_windows.py,Not applicable: explicitly new implementation,See publication/REFERENCE_MAP.json,"Purpose, existing equation references, input configuration and limits are documented in the English source header."
,NEW implementation or new verification of existing V52 equations,scripts/article_appC_verify_finite_time_and_nonlinear_identities.py,Not applicable: explicitly new implementation,See publication/REFERENCE_MAP.json,"Purpose, existing equation references, input configuration and limits are documented in the English source header."
,NEW implementation or new verification of existing V52 equations,scripts/article_fig01_plot_pole_crossing.py,Not applicable: explicitly new implementation,See publication/REFERENCE_MAP.json,"Purpose, existing equation references, input configuration and limits are documented in the English source header."
,NEW implementation or new verification of existing V52 equations,scripts/article_fig02_plot_phase_portrait.py,Not applicable: explicitly new implementation,See publication/REFERENCE_MAP.json,"Purpose, existing equation references, input configuration and limits are documented in the English source header."
,NEW implementation or new verification of existing V52 equations,scripts/supplement_secs1_2_1_5_compare_recomputed_coefficients.py,Not applicable: explicitly new implementation,See publication/REFERENCE_MAP.json,"Purpose, existing equation references, input configuration and limits are documented in the English source header."
