rtol,mode,minus_chi,ell,d_ell_d_log_minus_chi,flux_log_coefficient,difference
1e-09,1,0.00010000000000000009,-0.02207752421933122,0.273174272432037,0.27249995097415014,0.0006743214578868728
1e-09,2,0.00010000000000000009,0.11263426780641032,-0.02183085943027544,-0.021384301708758817,0.00044655772151662443
1e-09,1,1.0000000000000018e-08,-2.5335370675012276,0.27250091014355515,0.27249995097415014,9.591694050126165e-07
1e-09,2,1.0000000000000018e-08,0.31011428512003314,-0.02138441650756778,-0.021384301708758817,1.1479880896239636e-07
1e-09,1,1.000000000000001e-12,-5.043355421615808,0.27249995097849694,0.27249995097415014,4.346800697163644e-12
1e-09,2,1.000000000000001e-12,0.507071104704757,-0.02138430170909993,-0.021384301708758817,3.411125548691274e-13
1e-12,1,0.00010000000000000009,-0.022077524343772012,0.2731742724694289,0.2724999510216163,0.0006743214478125981
1e-12,2,0.00010000000000000009,0.11263426781447947,-0.021830859433169616,-0.021384301713332835,0.00044655771983678066
1e-12,1,1.0000000000000018e-08,-2.5335370680418325,0.2725009101858648,0.2724999510216163,9.591642485262675e-07
1e-12,2,1.0000000000000018e-08,0.31011428516970085,-0.021384416512534903,-0.021384301713332835,1.1479920206808325e-07
1e-12,1,1.000000000000001e-12,-5.043355422511232,0.27249995101792435,0.2724999510216163,3.6919356460884956e-12
1e-12,2,1.000000000000001e-12,0.5070711047882686,-0.021384301713043116,-0.021384301713332835,2.897196371698385e-13
