n,observable,rtol,log_a_start,log_a_end,expected,measured,absolute_asymptotic_error
10,norm_V,1e-09,4.0,5.0,1.0,0.9996662771415694,0.00033372285843058513
10,norm_V,1e-09,6.0,7.0,1.0,0.9999938129151839,6.187084816144939e-06
10,norm_V,1e-09,7.0,8.0,1.0,0.9999991616856108,8.383143892398692e-07
10,norm_V,1e-12,4.0,5.0,1.0,0.9996662767826658,0.00033372321733415866
10,norm_V,1e-12,6.0,7.0,1.0,0.9999938130157815,6.186984218503611e-06
10,norm_V,1e-12,7.0,8.0,1.0,0.9999991617276119,8.382723880595577e-07
12,curvature_envelope,1e-09,2.0,3.0,0.75,0.7508660920346435,0.0008660920346434953
12,curvature_envelope,1e-09,3.0,4.0,0.75,0.7500255611892428,2.556118924279538e-05
12,curvature_envelope,1e-09,4.0,5.0,0.75,0.749997624236996,2.375763003992226e-06
12,curvature_envelope,1e-12,2.0,3.0,0.75,0.7508660934568329,0.0008660934568328615
12,curvature_envelope,1e-12,3.0,4.0,0.75,0.750025567457193,2.556745719295428e-05
12,curvature_envelope,1e-12,4.0,5.0,0.75,0.7499976479594422,2.3520405577626136e-06
