n,direction,amplitude,tau_end,expected,measured,rtol_difference,error
10,parallel,0.0001,0.5,-4.0,-4.000000415369394,2.100009055538976e-10,4.153693939912273e-07
10,parallel,1e-05,0.5,-4.0,-4.000000004153444,2.100044582675764e-10,4.153443811105717e-09
10,parallel,1e-06,0.5,-4.0,-4.0000000000412905,2.10002681910737e-10,4.129052655343912e-11
10,transverse,0.0001,0.5,1.0,1.0000008448025688,1.4432899320127035e-14,8.448025687890492e-07
10,transverse,1e-05,0.5,1.0,1.0000000084480218,9.592326932761353e-14,8.448021837637043e-09
10,transverse,1e-06,0.5,1.0,1.0000000000844755,2.8834712395564566e-12,8.447553767609861e-11
12,parallel,0.0001,0.5,-5.0,-5.000002533107296,2.625295536518024e-10,2.5331072963652446e-06
12,parallel,1e-05,0.5,-5.0,-5.000000025330718,2.625029082992114e-10,2.5330717967619876e-08
12,parallel,1e-06,0.5,-5.0,-5.000000000253017,2.625046846560508e-10,2.530171627768141e-10
12,transverse,0.0001,0.5,2.0,2.0000170286010115,1.4235990164479517e-10,1.702860101149284e-05
12,transverse,1e-05,0.5,2.0,2.0000001702855728,1.4425971528453374e-10,1.7028557275367007e-07
12,transverse,1e-06,0.5,2.0,2.0000000017027206,1.4425438621401554e-10,1.7027206311581722e-09
14,parallel,0.0001,0.5,-6.0,-6.000011919522494,3.253903813060788e-10,1.1919522494352464e-05
14,parallel,1e-05,0.5,-6.0,-6.000000119194104,3.2517810666377045e-10,1.1919410436433964e-07
14,parallel,1e-06,0.5,-6.0,-6.000000001191566,3.2515146131117945e-10,1.1915659570149728e-09
14,transverse,0.0001,0.5,3.0,3.0000651654155086,2.513700358974802e-10,6.516541550860566e-05
14,transverse,1e-05,0.5,3.0,3.0000006516500637,2.43056685889087e-10,6.516500636877254e-07
14,transverse,1e-06,0.5,3.0,3.0000000065162897,2.4298518752630116e-10,6.516289730029712e-09
