A1A2A3A4,nonzero_contact,powers_x
0000,1,"-4,-3,-2,-1,0"
0001,1,"-4,-3,-2,-1"
0002,0,
0010,1,"-4,-3,-2,-1"
0011,1,"-4,-3,-2,-1"
0012,0,
0020,0,
0021,0,
0022,1,"-4,-3,-2"
0100,1,"-4,-3,-2,-1"
0101,1,"-4,-3,-2,-1"
0102,0,
0110,1,"-4,-3,-2,-1"
0111,1,"-4,-3,-2,-1"
0112,0,
0120,0,
0121,0,
0122,1,"-3,-2"
0200,0,
0201,0,
0202,1,"-4,-3,-2,-1"
0210,0,
0211,0,
0212,1,"-4,-3,-2,-1"
0220,1,"-4,-3,-2,-1"
0221,1,"-4,-3,-2,-1"
0222,0,
1000,1,"-4,-3,-2,-1"
1001,1,"-4,-3,-2,-1"
1002,0,
1010,1,"-4,-3,-2,-1"
1011,1,"-4,-3,-2,-1"
1012,0,
1020,0,
1021,0,
1022,1,"-3,-2"
1100,1,"-4,-3,-2,-1"
1101,1,"-4,-3,-2,-1"
1102,0,
1110,1,"-4,-3,-2,-1"
1111,1,"-4,-3,-2,-1"
1112,0,
1120,0,
1121,0,
1122,1,"-4,-3,-2"
1200,0,
1201,0,
1202,1,"-4,-3,-2,-1"
1210,0,
1211,0,
1212,1,"-4,-3,-2,-1"
1220,1,"-4,-3,-2,-1"
1221,1,"-4,-3,-2,-1"
1222,0,
2000,0,
2001,0,
2002,1,"-4,-3,-2,-1"
2010,0,
2011,0,
2012,1,"-4,-3,-2,-1"
2020,1,"-4,-3,-2,-1"
2021,1,"-4,-3,-2,-1"
2022,0,
2100,0,
2101,0,
2102,1,"-4,-3,-2,-1"
2110,0,
2111,0,
2112,1,"-4,-3,-2,-1"
2120,1,"-4,-3,-2,-1"
2121,1,"-4,-3,-2,-1"
2122,0,
2200,1,"-4,-3,-2"
2201,1,"-3,-2"
2202,0,
2210,1,"-3,-2"
2211,1,"-4,-3,-2"
2212,0,
2220,0,
2221,0,
2222,1,"-4,-3,-2,-1"
