component,seed,t_to_inverse_t,r_to_inverse_r_conjugate_scale,nonzero
0000,0000,0,0,1
0001,0001,0,0,1
0002,0002,0,0,0
0010,0001,1,0,1
0011,0011,0,0,1
0012,0012,0,0,0
0020,0002,1,0,0
0021,0012,1,0,0
0022,0022,0,0,1
0100,0001,0,1,1
0101,0101,0,0,1
0102,0102,0,0,0
0110,0101,1,0,1
0111,0111,0,0,1
0112,0112,0,0,0
0120,0102,1,0,0
0121,0112,1,0,0
0122,0122,0,0,1
0200,0002,0,1,0
0201,0102,0,1,0
0202,0202,0,0,1
0210,0102,1,1,0
0211,0211,0,0,0
0212,0212,0,0,1
0220,0202,1,0,1
0221,0212,1,0,1
0222,0222,0,0,0
1000,0001,1,1,1
1001,0101,1,0,1
1002,0102,1,0,0
1010,0101,0,0,1
1011,0111,1,0,1
1012,0112,1,0,0
1020,0102,0,0,0
1021,0112,0,0,0
1022,0122,1,0,1
1100,0011,0,1,1
1101,0111,0,1,1
1102,0211,0,1,0
1110,0111,1,1,1
1111,1111,0,0,1
1112,1112,0,0,0
1120,0211,1,1,0
1121,1112,1,0,0
1122,1122,0,0,1
1200,0012,0,1,0
1201,0112,0,1,0
1202,0212,0,1,1
1210,0112,1,1,0
1211,1112,0,1,0
1212,1212,0,0,1
1220,0212,1,1,1
1221,1212,1,0,1
1222,1222,0,0,0
2000,0002,1,1,0
2001,0102,1,1,0
2002,0202,1,0,1
2010,0102,0,1,0
2011,0211,1,0,0
2012,0212,1,0,1
2020,0202,0,0,1
2021,0212,0,0,1
2022,0222,1,0,0
2100,0012,1,1,0
2101,0112,1,1,0
2102,0212,1,1,1
2110,0112,0,1,0
2111,1112,1,1,0
2112,1212,1,0,1
2120,0212,0,1,1
2121,1212,0,0,1
2122,1222,1,0,0
2200,0022,0,1,1
2201,0122,0,1,1
2202,0222,0,1,0
2210,0122,1,1,1
2211,1122,0,1,1
2212,1222,0,1,0
2220,0222,1,1,0
2221,1222,1,1,0
2222,2222,0,0,1
