z,Omega_H,z_prime,Omega_H_prime,normalized_z_prime,normalized_Omega_prime
0.000000000000000000e+00,0.000000000000000000e+00,0.000000000000000000e+00,0.000000000000000000e+00,0.000000000000000000e+00,0.000000000000000000e+00
5.000000000000000278e-02,0.000000000000000000e+00,2.716999999999999971e-02,1.320000000000000166e-02,8.994672651690791554e-01,4.369881450214150309e-01
1.000000000000000056e-01,0.000000000000000000e+00,5.736000000000000126e-02,5.280000000000000665e-02,7.357469184564211506e-01,6.772565776586303432e-01
1.500000000000000222e-01,0.000000000000000000e+00,8.859000000000001596e-02,1.188000000000000445e-01,5.977952160926406355e-01,8.016488505678487364e-01
2.000000000000000111e-01,0.000000000000000000e+00,1.188799999999999857e-01,2.112000000000000266e-01,4.905119692985080437e-01,8.714344542046175146e-01
2.500000000000000000e-01,0.000000000000000000e+00,1.462499999999999911e-01,3.300000000000000155e-01,4.051743043993458748e-01,9.142394560805754411e-01
3.000000000000000444e-01,0.000000000000000000e+00,1.687200000000000366e-01,4.752000000000001778e-01,3.345871077930387960e-01,9.423648270700097918e-01
3.500000000000000333e-01,0.000000000000000000e+00,1.843100000000000016e-01,6.468000000000001526e-01,2.740474742649121609e-01,9.617161649099085219e-01
4.000000000000000222e-01,0.000000000000000000e+00,1.910399999999999876e-01,8.448000000000001064e-01,2.205670360310368339e-01,9.753718176246857219e-01
4.500000000000000111e-01,0.000000000000000000e+00,1.869299999999999573e-01,1.069200000000000150e+00,1.722194224461277567e-01,9.850586127395274394e-01
5.000000000000000000e-01,0.000000000000000000e+00,1.699999999999999845e-01,1.320000000000000062e+00,1.277329257986705990e-01,9.918086003190894617e-01
5.500000000000000444e-01,0.000000000000000000e+00,1.382699999999999207e-01,1.597200000000000397e+00,8.624766361766619815e-02,9.962737277076486597e-01
6.000000000000000888e-01,0.000000000000000000e+00,8.975999999999985379e-02,1.900800000000000711e+00,4.716965879550009955e-02,9.988868921400040346e-01
6.500000000000000222e-01,0.000000000000000000e+00,2.248999999999983304e-02,2.230800000000000338e+00,1.008107278276094108e-02,9.999491846946766405e-01
7.000000000000000666e-01,0.000000000000000000e+00,-6.552000000000009206e-02,2.587200000000000610e+00,-2.531655837549785792e-02,9.996794845709399135e-01
7.500000000000000000e-01,0.000000000000000000e+00,-1.762499999999999067e-01,2.969999999999999751e+00,-5.923921632579884355e-02,9.982438155326107676e-01
8.000000000000000444e-01,0.000000000000000000e+00,-3.116800000000001791e-01,3.379200000000000426e+00,-9.184500087816672986e-02,9.957733154758112715e-01
8.500000000000000888e-01,0.000000000000000000e+00,-4.737900000000003220e-01,3.814800000000000857e+00,-1.232509192466200165e-01,9.923755392515795082e-01
9.000000000000000222e-01,0.000000000000000000e+00,-6.645600000000003726e-01,4.276800000000000601e+00,-1.535445806296237559e-01,9.881417214950863892e-01
9.500000000000000666e-01,0.000000000000000000e+00,-8.859700000000003683e-01,4.765200000000000990e+00,-1.827924851860731614e-01,9.831515180070156124e-01
1.000000000000000000e+00,0.000000000000000000e+00,-1.140000000000000124e+00,5.280000000000000249e+00,-2.110459835108844384e-01,9.774761341556752470e-01
1.050000000000000044e+00,0.000000000000000000e+00,-1.428630000000000511e+00,5.821200000000001040e+00,-2.383456084680136144e-01,9.711804008133670951e-01
1.100000000000000089e+00,0.000000000000000000e+00,-1.753840000000000954e+00,6.388800000000001589e+00,-2.647242476062657279e-01,9.643241533474604665e-01
0.000000000000000000e+00,5.000000000000000278e-02,0.000000000000000000e+00,-4.750000000000000056e-02,0.000000000000000000e+00,-1.000000000000000000e+00
5.000000000000000278e-02,5.000000000000000278e-02,2.842000000000000082e-02,-3.495999999999999802e-02,6.307931459714624101e-01,-7.759510338902999571e-01
1.000000000000000056e-01,5.000000000000000278e-02,5.986000000000000348e-02,2.660000000000003507e-03,9.990141354516346439e-01,4.439321083029321158e-02
1.500000000000000222e-01,5.000000000000000278e-02,9.234000000000001929e-02,6.536000000000004306e-02,8.162224747675345116e-01,5.777377187654979540e-01
2.000000000000000111e-01,5.000000000000000278e-02,1.238799999999999901e-01,1.531399999999999983e-01,6.289207002360200915e-01,7.774694545862457229e-01
2.500000000000000000e-01,5.000000000000000278e-02,1.524999999999999967e-01,2.660000000000000142e-01,4.973677484881897648e-01,8.675398104777606312e-01
3.000000000000000444e-01,5.000000000000000278e-02,1.762200000000000433e-01,4.039400000000001878e-01,3.998591979682868947e-01,9.165765771609910573e-01
3.500000000000000333e-01,5.000000000000000278e-02,1.930600000000000094e-01,5.669600000000001305e-01,3.223421109501158899e-01,9.466232426410324807e-01
4.000000000000000222e-01,5.000000000000000278e-02,2.010399999999999965e-01,7.550600000000000644e-01,2.572930267947469152e-01,9.663334302210587756e-01
4.500000000000000111e-01,5.000000000000000278e-02,1.981799999999999673e-01,9.682400000000001006e-01,2.005233721866974683e-01,9.796889185894036567e-01
5.000000000000000000e-01,5.000000000000000278e-02,1.824999999999999956e-01,1.206499999999999906e+00,1.495626083263109640e-01,9.887522572366803653e-01
5.500000000000000444e-01,5.000000000000000278e-02,1.520199999999999330e-01,1.469840000000000257e+00,1.028774477307596025e-01,9.946940387618721235e-01
6.000000000000000888e-01,5.000000000000000278e-02,1.047599999999998532e-01,1.758260000000000600e+00,5.947615605641126679e-02,9.982297264962376460e-01
6.500000000000000222e-01,5.000000000000000278e-02,3.873999999999983707e-02,2.071760000000000268e+00,1.869580885279050961e-02,9.998252180913121956e-01
7.000000000000000666e-01,5.000000000000000278e-02,-4.802000000000009733e-02,2.410340000000000593e+00,-1.991854805633929901e-02,9.998016060415823025e-01
7.500000000000000000e-01,5.000000000000000278e-02,-1.574999999999999178e-01,2.774000000000000021e+00,-5.668592267669588652e-02,9.983920603501871271e-01
8.000000000000000444e-01,5.000000000000000278e-02,-2.916800000000001059e-01,3.162740000000000329e+00,-9.183412272150542899e-02,9.957743187610189617e-01
8.500000000000000888e-01,5.000000000000000278e-02,-4.525400000000003309e-01,3.576560000000000628e+00,-1.255285558453838324e-01,9.920900068377729308e-01
9.000000000000000222e-01,5.000000000000000278e-02,-6.420600000000002971e-01,4.015460000000000917e+00,-1.578913291975711786e-01,9.874564943146730833e-01
9.500000000000000666e-01,5.000000000000000278e-02,-8.622200000000003195e-01,4.479440000000001199e+00,-1.890142343528494751e-01,9.819743475325647397e-01
1.000000000000000000e+00,5.000000000000000278e-02,-1.115000000000000213e+00,4.968500000000000583e+00,-2.189677541974147934e-01,9.757320957218433843e-01
1.050000000000000044e+00,5.000000000000000278e-02,-1.402380000000000626e+00,5.482640000000000846e+00,-2.478074079250797424e-01,9.688093148692642487e-01
1.100000000000000089e+00,5.000000000000000278e-02,-1.726340000000001096e+00,6.021860000000001101e+00,-2.755782700697027021e-01,9.612786365385377341e-01
0.000000000000000000e+00,1.000000000000000056e-01,0.000000000000000000e+00,-9.000000000000001055e-02,0.000000000000000000e+00,-1.000000000000000000e+00
5.000000000000000278e-02,1.000000000000000056e-01,2.967000000000000193e-02,-7.812000000000000888e-02,3.550546287661457412e-01,-9.348455544055040978e-01
1.000000000000000056e-01,1.000000000000000056e-01,6.236000000000000570e-02,-4.247999999999999693e-02,8.264627980349326108e-01,-5.629913351591393500e-01
1.500000000000000222e-01,1.000000000000000056e-01,9.609000000000002262e-02,1.692000000000003571e-02,9.848484934321968254e-01,1.734169685594005861e-01
2.000000000000000111e-01,1.000000000000000056e-01,1.288799999999999946e-01,1.000800000000000162e-01,7.898271670302676739e-01,6.133294760737834084e-01
2.500000000000000000e-01,1.000000000000000056e-01,1.587500000000000022e-01,2.070000000000000173e-01,6.085522525040395481e-01,7.935138032651100071e-01
3.000000000000000444e-01,1.000000000000000056e-01,1.837200000000000499e-01,3.376800000000002022e-01,4.779114102811107267e-01,8.784080395369340266e-01
3.500000000000000333e-01,1.000000000000000056e-01,2.018100000000000172e-01,4.921200000000001684e-01,3.794189485857537569e-01,9.252249788316792012e-01
4.000000000000000222e-01,1.000000000000000056e-01,2.110400000000000054e-01,6.703200000000001380e-01,3.003031372710290303e-01,9.538438162221200001e-01
4.500000000000000111e-01,1.000000000000000056e-01,2.094299999999999495e-01,8.722800000000001663e-01,2.334602251376007298e-01,9.723663523994959812e-01
5.000000000000000000e-01,1.000000000000000056e-01,1.949999999999999789e-01,1.098000000000000087e+00,1.748594834027838163e-01,9.845933988525982228e-01
5.500000000000000444e-01,1.000000000000000056e-01,1.657699999999999174e-01,1.347480000000000233e+00,1.221017313476312621e-01,9.925175903740500738e-01
6.000000000000000888e-01,1.000000000000000056e-01,1.197599999999998527e-01,1.620720000000000605e+00,7.369217188261856233e-02,9.972810355176832120e-01
6.500000000000000222e-01,1.000000000000000056e-01,5.498999999999983762e-02,1.917720000000000313e+00,2.866289475217603799e-02,9.995891348271176424e-01
7.000000000000000666e-01,1.000000000000000056e-01,-3.052000000000008872e-02,2.238480000000000469e+00,-1.363298473560729113e-02,9.999070665452859386e-01
7.500000000000000000e-01,1.000000000000000056e-01,-1.387499999999999289e-01,2.582999999999999741e+00,-5.363927696849468685e-02,9.985603777270041226e-01
8.000000000000000444e-01,1.000000000000000056e-01,-2.716800000000001436e-01,2.951280000000000570e+00,-9.166739197808532191e-02,9.957896812319035895e-01
8.500000000000000888e-01,1.000000000000000056e-01,-4.312900000000002843e-01,3.343320000000000736e+00,-1.279403704174255640e-01,9.917818619119085355e-01
9.000000000000000222e-01,1.000000000000000056e-01,-6.195600000000003327e-01,3.759120000000001127e+00,-1.626212436604869416e-01,9.866885684502058051e-01
9.500000000000000666e-01,1.000000000000000056e-01,-8.384700000000002706e-01,4.198680000000001300e+00,-1.958318143087690033e-01,9.806374969908788763e-01
1.000000000000000000e+00,1.000000000000000056e-01,-1.090000000000000080e+00,4.662000000000000810e+00,-2.276653750333973159e-01,9.737394297299984958e-01
1.050000000000000044e+00,1.000000000000000056e-01,-1.376130000000000519e+00,5.149080000000001434e+00,-2.581954722672756830e-01,9.660926964327380961e-01
1.100000000000000089e+00,1.000000000000000056e-01,-1.698840000000000794e+00,5.659920000000002283e+00,-2.874820187798465820e-01,9.577860350194421502e-01
0.000000000000000000e+00,1.500000000000000222e-01,0.000000000000000000e+00,-1.275000000000000022e-01,0.000000000000000000e+00,-1.000000000000000000e+00
5.000000000000000278e-02,1.500000000000000222e-01,3.092000000000000304e-02,-1.162800000000000222e-01,2.569797640909242675e-01,-9.664167842332690439e-01
1.000000000000000056e-01,1.500000000000000222e-01,6.486000000000001486e-02,-8.261999999999999900e-02,6.174935397259853076e-01,-7.865759520838867536e-01
1.500000000000000222e-01,1.500000000000000222e-01,9.984000000000001207e-02,-2.651999999999998109e-02,9.664851269264962408e-01,-2.567226118398503454e-01
2.000000000000000111e-01,1.500000000000000222e-01,1.338799999999999990e-01,5.202000000000000374e-02,9.321091602120655795e-01,3.621774612655486725e-01
2.500000000000000000e-01,1.500000000000000222e-01,1.649999999999999800e-01,1.529999999999999971e-01,7.332681568382186654e-01,6.799395636136210674e-01
3.000000000000000444e-01,1.500000000000000222e-01,1.912200000000000288e-01,2.764200000000001101e-01,5.689129002438085836e-01,8.223977820593745269e-01
3.500000000000000333e-01,1.500000000000000222e-01,2.105599999999999972e-01,4.222800000000000997e-01,4.462299916623057583e-01,8.949183172452437329e-01
4.000000000000000222e-01,1.500000000000000222e-01,2.210400000000000142e-01,5.905800000000001049e-01,3.505290152827275629e-01,9.365518722659846862e-01
4.500000000000000111e-01,1.500000000000000222e-01,2.206799999999999595e-01,7.813200000000001255e-01,2.718112035120157088e-01,9.623505960123626135e-01
5.000000000000000000e-01,1.500000000000000222e-01,2.074999999999999900e-01,9.944999999999999396e-01,2.042490533529714158e-01,9.789189569133979196e-01
5.500000000000000444e-01,1.500000000000000222e-01,1.795199999999999296e-01,1.230120000000000324e+00,1.444073185439770091e-01,9.895183304774795019e-01
6.000000000000000888e-01,1.500000000000000222e-01,1.347599999999998799e-01,1.488180000000000724e+00,9.018456262467790252e-02,9.959250698040468253e-01
6.500000000000000222e-01,1.500000000000000222e-01,7.123999999999984512e-02,1.768680000000000252e+00,4.024599219953130941e-02,9.991898018454127284e-01
7.000000000000000666e-01,1.500000000000000222e-01,-1.302000000000008359e-02,2.071620000000000683e+00,-6.284812301409233373e-03,9.999802503721442193e-01
7.500000000000000000e-01,1.500000000000000222e-01,-1.199999999999998984e-01,2.396999999999999797e+00,-4.999996093754573850e-02,9.987492197274768779e-01
8.000000000000000444e-01,1.500000000000000222e-01,-2.516800000000001258e-01,2.744820000000000260e+00,-9.130967364884479132e-02,9.958225461888988717e-01
8.500000000000000888e-01,1.500000000000000222e-01,-4.100400000000003486e-01,3.115080000000000737e+00,-1.305048988588989323e-01,9.914476644653658077e-01
9.000000000000000222e-01,1.500000000000000222e-01,-5.970600000000003682e-01,3.507779999999999898e+00,-1.677969073518550958e-01,9.858215852187215411e-01
9.500000000000000666e-01,1.500000000000000222e-01,-8.147200000000004438e-01,3.922920000000000407e+00,-2.033430474104328256e-01,9.791075554145409754e-01
1.000000000000000000e+00,1.500000000000000222e-01,-1.065000000000000169e+00,4.360500000000000043e+00,-2.372638865308325518e-01,9.714452368241269786e-01
1.050000000000000044e+00,1.500000000000000222e-01,-1.349880000000000635e+00,4.820520000000000138e+00,-2.696548215927509484e-01,9.629570484667432373e-01
1.100000000000000089e+00,1.500000000000000222e-01,-1.671340000000000936e+00,5.302980000000000693e+00,-3.005940379868226042e-01,9.537521818201920576e-01
0.000000000000000000e+00,2.000000000000000111e-01,0.000000000000000000e+00,-1.600000000000000311e-01,0.000000000000000000e+00,-1.000000000000000000e+00
5.000000000000000278e-02,2.000000000000000111e-01,3.216999999999999721e-02,-1.494400000000000173e-01,2.104493137778412071e-01,-9.776047700018836162e-01
1.000000000000000056e-01,2.000000000000000111e-01,6.736000000000000321e-02,-1.177600000000000036e-01,4.965199217648804120e-01,-8.680253264108123146e-01
1.500000000000000222e-01,2.000000000000000111e-01,1.035900000000000154e-01,-6.495999999999997609e-02,8.472024814507124191e-01,-5.312701341349381767e-01
2.000000000000000111e-01,2.000000000000000111e-01,1.388799999999999757e-01,8.960000000000013093e-03,9.979253089684582134e-01,6.438227799796515660e-02
2.500000000000000000e-01,2.000000000000000111e-01,1.712499999999999856e-01,1.040000000000000091e-01,8.547282023725595312e-01,5.190758134116566502e-01
3.000000000000000444e-01,2.000000000000000111e-01,1.987200000000000355e-01,2.201600000000001334e-01,6.700370380919260516e-01,7.423276686107010969e-01
3.500000000000000333e-01,2.000000000000000111e-01,2.193100000000000049e-01,3.574400000000001465e-01,5.229673994942877213e-01,8.523526846711881877e-01
4.000000000000000222e-01,2.000000000000000111e-01,2.310400000000000231e-01,5.158400000000000762e-01,4.087632766743710677e-01,9.126404459821138015e-01
4.500000000000000111e-01,2.000000000000000111e-01,2.319299999999999418e-01,6.953600000000002002e-01,3.164037450673686802e-01,9.486246202304384756e-01
5.000000000000000000e-01,2.000000000000000111e-01,2.199999999999999734e-01,8.960000000000001297e-01,2.384530005300352640e-01,9.711540385223257354e-01
5.500000000000000444e-01,2.000000000000000111e-01,1.932699999999999141e-01,1.117760000000000309e+00,1.703801223832971390e-01,9.853784115235387775e-01
6.000000000000000888e-01,2.000000000000000111e-01,1.497599999999998654e-01,1.360640000000000738e+00,1.094051524459302011e-01,9.939972397437946139e-01
6.500000000000000222e-01,2.000000000000000111e-01,8.748999999999984567e-02,1.624640000000000306e+00,5.377401358616832466e-02,9.985531310164895702e-01
7.000000000000000666e-01,2.000000000000000111e-01,4.479999999999914606e-03,1.909760000000000346e+00,2.345838049472797216e-03,9.999972485181374271e-01
7.500000000000000000e-01,2.000000000000000111e-01,-1.012499999999998956e-01,2.215999999999999748e+00,-4.564281572273936466e-02,9.989578236206472228e-01
8.000000000000000444e-01,2.000000000000000111e-01,-2.316800000000001636e-01,2.543360000000000287e+00,-9.071650381976389954e-02,9.958767574026008429e-01
8.500000000000000888e-01,2.000000000000000111e-01,-3.887900000000003575e-01,2.891840000000000632e+00,-1.332449963302590745e-01,9.910831301928961778e-01
9.000000000000000222e-01,2.000000000000000111e-01,-5.745600000000004037e-01,3.261440000000000339e+00,-1.734959281967765610e-01,9.848345865672768484e-01
9.500000000000000666e-01,2.000000000000000111e-01,-7.909700000000003950e-01,3.652160000000000739e+00,-2.116686550604764128e-01,9.773414861065139458e-01
1.000000000000000000e+00,2.000000000000000111e-01,-1.040000000000000036e+00,4.064000000000000057e+00,-2.479165009968462008e-01,9.687814038953682649e-01
1.050000000000000044e+00,2.000000000000000111e-01,-1.323630000000000528e+00,4.496960000000000512e+00,-2.823616180088669436e-01,9.593080405560117097e-01
1.100000000000000089e+00,2.000000000000000111e-01,-1.643840000000000856e+00,4.951040000000001662e+00,-3.151050175245057594e-01,9.490568096435959555e-01
0.000000000000000000e+00,2.500000000000000000e-01,0.000000000000000000e+00,-1.875000000000000000e-01,0.000000000000000000e+00,-1.000000000000000000e+00
5.000000000000000278e-02,2.500000000000000000e-01,3.341999999999999832e-02,-1.776000000000000079e-01,1.849299655507745388e-01,-9.827517020292507732e-01
1.000000000000000056e-01,2.500000000000000000e-01,6.986000000000000543e-02,-1.478999999999999759e-01,4.270979497550825288e-01,-9.042053645688046259e-01
1.500000000000000222e-01,2.500000000000000000e-01,1.073400000000000187e-01,-9.839999999999995972e-02,7.371370364759902705e-01,-6.757432866521091430e-01
2.000000000000000111e-01,2.500000000000000000e-01,1.438799999999999801e-01,-2.909999999999998005e-02,9.801539202455784583e-01,-1.982379696910364086e-01
2.500000000000000000e-01,2.500000000000000000e-01,1.774999999999999911e-01,6.000000000000001166e-02,9.473405707681489263e-01,3.202277985695152207e-01
3.000000000000000444e-01,2.500000000000000000e-01,2.062200000000000422e-01,1.689000000000001334e-01,7.736362786072356057e-01,6.336299459643205401e-01
3.500000000000000333e-01,2.500000000000000000e-01,2.280600000000000127e-01,2.976000000000000867e-01,6.082635518157056831e-01,7.937351268102870172e-01
4.000000000000000222e-01,2.500000000000000000e-01,2.410400000000000320e-01,4.461000000000000520e-01,4.753718298068264625e-01,8.797849870429194086e-01
4.500000000000000111e-01,2.500000000000000000e-01,2.431799999999999518e-01,6.144000000000000572e-01,3.680222834046665836e-01,9.298169706547710911e-01
5.000000000000000000e-01,2.500000000000000000e-01,2.324999999999999845e-01,8.024999999999999911e-01,2.782760326772875104e-01,9.605011450474117973e-01
5.500000000000000444e-01,2.500000000000000000e-01,2.070199999999999263e-01,1.010400000000000187e+00,2.007194072677039864e-01,9.796487735643329975e-01
6.000000000000000888e-01,2.500000000000000000e-01,1.647599999999998510e-01,1.238100000000000644e+00,1.319119890033603471e-01,9.912614322958284152e-01
6.500000000000000222e-01,2.500000000000000000e-01,1.037399999999998323e-01,1.485600000000000254e+00,6.966073546069313782e-02,9.975707403162321629e-01
7.000000000000000666e-01,2.500000000000000000e-01,2.197999999999991280e-02,1.752900000000000347e+00,1.253823505245324661e-02,9.999213932413734129e-01
7.500000000000000000e-01,2.500000000000000000e-01,-8.249999999999990674e-02,2.040000000000000036e+00,-4.040814643559427488e-02,9.991832573165141396e-01
8.000000000000000444e-01,2.500000000000000000e-01,-2.116800000000001458e-01,2.346900000000000208e+00,-8.983091914802861233e-02,9.959570301800275693e-01
8.500000000000000888e-01,2.500000000000000000e-01,-3.675400000000003109e-01,2.673600000000000421e+00,-1.361892470541169742e-01,9.906828397559093169e-01
9.000000000000000222e-01,2.500000000000000000e-01,-5.520600000000003282e-01,3.020100000000000229e+00,-1.798157645739419386e-01,9.837003053830413180e-01
9.500000000000000666e-01,2.500000000000000000e-01,-7.672200000000003461e-01,3.386400000000000965e+00,-2.209593203406946815e-01,9.752830249494647274e-01
1.000000000000000000e+00,2.500000000000000000e-01,-1.015000000000000124e+00,3.772499999999999964e+00,-2.598128245840696793e-01,9.656589958063080958e-01
1.050000000000000044e+00,2.500000000000000000e-01,-1.297380000000000644e+00,4.178400000000000780e+00,-2.965316341429357072e-01,9.550230311110408099e-01
1.100000000000000089e+00,2.500000000000000000e-01,-1.616340000000000998e+00,4.604100000000000747e+00,-3.312457857593641974e-01,9.435445031458035148e-01
0.000000000000000000e+00,3.000000000000000444e-01,0.000000000000000000e+00,-2.100000000000000200e-01,0.000000000000000000e+00,-1.000000000000000000e+00
5.000000000000000278e-02,3.000000000000000444e-01,3.466999999999999943e-02,-2.007600000000000218e-01,1.701748327368766966e-01,-9.854138857875791579e-01
1.000000000000000056e-01,3.000000000000000444e-01,7.236000000000000765e-02,-1.730399999999999994e-01,3.857962292635958024e-01,-9.225840175756302441e-01
1.500000000000000222e-01,3.000000000000000444e-01,1.110900000000000221e-01,-1.268399999999999805e-01,6.588572369512152305e-01,-7.522679983337123844e-01
2.000000000000000111e-01,3.000000000000000444e-01,1.488799999999999846e-01,-6.216000000000000691e-02,9.227979420482657069e-01,-3.852842562984968300e-01
2.500000000000000000e-01,3.000000000000000444e-01,1.837499999999999967e-01,2.099999999999997702e-02,9.935326726564041033e-01,1.135465911607317774e-01
3.000000000000000444e-01,3.000000000000000444e-01,2.137200000000000488e-01,1.226400000000000823e-01,8.673426441272762411e-01,4.977115004481059701e-01
3.500000000000000333e-01,3.000000000000000444e-01,2.368100000000000205e-01,2.427600000000000591e-01,6.982800023242543563e-01,7.158247260007433166e-01
4.000000000000000222e-01,3.000000000000000444e-01,2.510399999999999854e-01,3.813600000000000323e-01,5.498385339291864682e-01,8.352709659784678387e-01
4.500000000000000111e-01,3.000000000000000444e-01,2.544299999999999895e-01,5.384400000000000297e-01,4.272351270873633866e-01,9.041405566518098125e-01
5.000000000000000000e-01,3.000000000000000444e-01,2.449999999999999956e-01,7.139999999999999680e-01,3.245613933153250197e-01,9.458646319475186859e-01
5.500000000000000444e-01,3.000000000000000444e-01,2.207699999999999385e-01,9.080400000000001803e-01,2.362459035625949777e-01,9.716933019476325928e-01
6.000000000000000888e-01,3.000000000000000444e-01,1.797599999999998921e-01,1.120560000000000445e+00,1.583946324008056461e-01,9.873758860872660081e-01
6.500000000000000222e-01,3.000000000000000444e-01,1.199899999999998468e-01,1.351560000000000095e+00,8.843108325515652846e-02,9.960822975609594510e-01
7.000000000000000666e-01,3.000000000000000444e-01,3.947999999999993181e-02,1.601040000000000241e+00,2.465147795836841391e-02,9.996961061414953997e-01
7.500000000000000000e-01,3.000000000000000444e-01,-6.374999999999989009e-02,1.868999999999999773e+00,-3.408932470136345066e-02,9.994187900682101056e-01
8.000000000000000444e-01,3.000000000000000444e-01,-1.916800000000001281e-01,2.155440000000000023e+00,-8.857891521004326862e-02,9.960691621469925927e-01
8.500000000000000888e-01,3.000000000000000444e-01,-3.462900000000003198e-01,2.460360000000000547e+00,-1.393739722436448392e-01,9.902398173478118570e-01
9.000000000000000222e-01,3.000000000000000444e-01,-5.295600000000003638e-01,2.783760000000000456e+00,-1.868805338114240822e-01,9.823826474863841529e-01
9.500000000000000666e-01,3.000000000000000444e-01,-7.434700000000002973e-01,3.125640000000000640e+00,-2.314054982316891274e-01,9.728573869731080848e-01
1.000000000000000000e+00,3.000000000000000444e-01,-9.900000000000001021e-01,3.486000000000000210e+00,-2.731900408284197446e-01,9.619600831594657953e-01
1.050000000000000044e+00,3.000000000000000444e-01,-1.271130000000000315e+00,3.864840000000000497e+00,-3.124314637015669360e-01,9.499403036450746463e-01
1.100000000000000089e+00,3.000000000000000444e-01,-1.588840000000000918e+00,4.262160000000000615e+00,-3.492975241184447799e-01,9.370118673980198931e-01
0.000000000000000000e+00,3.500000000000000333e-01,0.000000000000000000e+00,-2.274999999999999800e-01,0.000000000000000000e+00,-1.000000000000000000e+00
5.000000000000000278e-02,3.500000000000000333e-01,3.592000000000000054e-02,-2.189200000000000035e-01,1.619131910817841191e-01,-9.868050053347487971e-01
1.000000000000000056e-01,3.500000000000000333e-01,7.486000000000000987e-02,-1.931799999999999906e-01,3.613326084583921016e-01,-9.324369930803122486e-01
1.500000000000000222e-01,3.500000000000000333e-01,1.148400000000000254e-01,-1.502799999999999692e-01,6.071831730848775699e-01,-7.945618882897541591e-01
2.000000000000000111e-01,3.500000000000000333e-01,1.538800000000000168e-01,-9.021999999999999464e-02,8.626625455365267703e-01,-5.057799249954862963e-01
2.500000000000000000e-01,3.500000000000000333e-01,1.900000000000000022e-01,-1.300000000000000981e-02,9.976674663040633328e-01,-6.826145822080438574e-02
3.000000000000000444e-01,3.500000000000000333e-01,2.212200000000000555e-01,8.138000000000007728e-02,9.385110477023561604e-01,3.452492046922421287e-01
3.500000000000000333e-01,3.500000000000000333e-01,2.455600000000000283e-01,1.929200000000000637e-01,7.863494513646809292e-01,6.177819520983640622e-01
4.000000000000000222e-01,3.500000000000000333e-01,2.610399999999999943e-01,3.216200000000000170e-01,6.301908253569040719e-01,7.764402898072614301e-01
4.500000000000000111e-01,3.500000000000000333e-01,2.656799999999999717e-01,4.674799999999999511e-01,4.941027053398633906e-01,8.694035406966250656e-01
5.000000000000000000e-01,3.500000000000000333e-01,2.575000000000000067e-01,6.304999999999999494e-01,3.780896360347174023e-01,9.257689923102496721e-01
5.500000000000000444e-01,3.500000000000000333e-01,2.345199999999999507e-01,8.106800000000000672e-01,2.778934974906366318e-01,9.606118904388085689e-01
6.000000000000000888e-01,3.500000000000000333e-01,1.947599999999999054e-01,1.008020000000000360e+00,1.897020785763375295e-01,9.818416987395764961e-01
6.500000000000000222e-01,3.500000000000000333e-01,1.362399999999998612e-01,1.222520000000000051e+00,1.107563036046809724e-01,9.938475945595620642e-01
7.000000000000000666e-01,3.500000000000000333e-01,5.697999999999992654e-02,1.454180000000000250e+00,3.915354912526942954e-02,9.992332058087817215e-01
7.500000000000000000e-01,3.500000000000000333e-01,-4.499999999999989425e-02,1.702999999999999625e+00,-2.641473760857886849e-02,9.996510699424424606e-01
8.000000000000000444e-01,3.500000000000000333e-01,-1.716800000000001380e-01,1.968979999999999952e+00,-8.686279112339287400e-02,9.962202846350067809e-01
8.500000000000000888e-01,3.500000000000000333e-01,-3.250400000000002732e-01,2.252120000000000122e+00,-1.428461555058808674e-01,9.897449044360823178e-01
9.000000000000000222e-01,3.500000000000000333e-01,-5.070600000000002883e-01,2.552420000000000133e+00,-1.948508181823629670e-01,9.808328902793094217e-01
9.500000000000000666e-01,3.500000000000000333e-01,-7.197200000000003595e-01,2.869880000000000653e+00,-2.432512823179840133e-01,9.699633053114208314e-01
1.000000000000000000e+00,3.500000000000000333e-01,-9.650000000000000799e-01,3.204499999999999904e+00,-2.883483195131600341e-01,9.575255853677939744e-01
1.050000000000000044e+00,3.500000000000000333e-01,-1.244880000000000431e+00,3.556280000000000552e+00,-3.303934561325389541e-01,9.438432942733639974e-01
1.100000000000000089e+00,3.500000000000000333e-01,-1.561340000000000838e+00,3.925220000000000820e+00,-3.696047734419838915e-01,9.291890611973967484e-01
0.000000000000000000e+00,4.000000000000000222e-01,0.000000000000000000e+00,-2.399999999999999911e-01,0.000000000000000000e+00,-1.000000000000000000e+00
5.000000000000000278e-02,4.000000000000000222e-01,3.717000000000000165e-02,-2.320800000000000085e-01,1.581448209986724696e-01,-9.874159283662067299e-01
1.000000000000000056e-01,4.000000000000000222e-01,7.736000000000001209e-02,-2.083200000000000052e-01,3.481232570564296580e-01,-9.374487708117298368e-01
1.500000000000000222e-01,4.000000000000000222e-01,1.185900000000000148e-01,-1.687200000000000089e-01,5.750428957334083879e-01,-8.181232597026786291e-01
2.000000000000000111e-01,4.000000000000000222e-01,1.588800000000000212e-01,-1.132799999999999918e-01,8.142318031523462230e-01,-5.805398959031833339e-01
2.500000000000000000e-01,4.000000000000000222e-01,1.962499999999999800e-01,-4.200000000000000261e-02,9.778570690649450725e-01,-2.092738695578481301e-01
3.000000000000000444e-01,4.000000000000000222e-01,2.287200000000000344e-01,4.512000000000009059e-02,9.810920368851392404e-01,1.935417659332702156e-01
3.500000000000000333e-01,4.000000000000000222e-01,2.543099999999999805e-01,1.480800000000000727e-01,8.641742595724464238e-01,5.031926560398252146e-01
4.000000000000000222e-01,4.000000000000000222e-01,2.710400000000000031e-01,2.668800000000000616e-01,7.125538783001327259e-01,7.016173961066243248e-01
4.500000000000000111e-01,4.000000000000000222e-01,2.769300000000000095e-01,4.015200000000000435e-01,5.677602638790123502e-01,8.231939520915070307e-01
5.000000000000000000e-01,4.000000000000000222e-01,2.700000000000000178e-01,5.520000000000000462e-01,4.393852473140745230e-01,8.982987278421079580e-01
5.500000000000000444e-01,4.000000000000000222e-01,2.482699999999999352e-01,7.183200000000002916e-01,3.266649403612993940e-01,9.451402100951734608e-01
6.000000000000000888e-01,4.000000000000000222e-01,2.097599999999998910e-01,9.004800000000003912e-01,2.268685473065866487e-01,9.739253884374301506e-01
6.500000000000000222e-01,4.000000000000000222e-01,1.524899999999998479e-01,1.098480000000000123e+00,1.375005487585891362e-01,9.905016906048604852e-01
7.000000000000000666e-01,4.000000000000000222e-01,7.447999999999992127e-02,1.312320000000000375e+00,5.666326539870183976e-02,9.983933465094588788e-01
7.500000000000000000e-01,4.000000000000000222e-01,-2.624999999999989841e-02,1.541999999999999815e+00,-1.702088020495725121e-02,9.998551343254924451e-01
8.000000000000000444e-01,4.000000000000000222e-01,-1.516800000000001480e-01,1.787520000000000220e+00,-8.455114085941750623e-02,9.964191410141471916e-01
8.500000000000000888e-01,4.000000000000000222e-01,-3.037900000000003375e-01,2.048880000000000479e+00,-1.466678160369209449e-01,9.891858024349924339e-01
9.000000000000000222e-01,4.000000000000000222e-01,-4.845600000000003793e-01,2.326080000000000148e+00,-2.039381194601791181e-01,9.789837809846728689e-01
9.500000000000000666e-01,4.000000000000000222e-01,-6.959700000000004216e-01,2.619120000000000115e+00,-2.568143823850946306e-01,9.664607457109484212e-01
1.000000000000000000e+00,4.000000000000000222e-01,-9.400000000000001688e-01,2.927999999999999936e+00,-3.056723239675817605e-01,9.521367708266800234e-01
1.050000000000000044e+00,4.000000000000000222e-01,-1.218630000000000546e+00,3.252720000000000500e+00,-3.508356892318408304e-01,9.364370342747124765e-01
1.100000000000000089e+00,4.000000000000000222e-01,-1.533840000000000980e+00,3.593280000000000474e+00,-3.925918129030420700e-01,9.197128184610143808e-01
0.000000000000000000e+00,4.500000000000000111e-01,0.000000000000000000e+00,-2.475000000000000255e-01,0.000000000000000000e+00,-1.000000000000000000e+00
5.000000000000000278e-02,4.500000000000000111e-01,3.842000000000000276e-02,-2.402400000000000369e-01,1.579167593858213925e-01,-9.874524277680826190e-01
1.000000000000000056e-01,4.500000000000000111e-01,7.986000000000000043e-02,-2.184600000000000153e-01,3.433373696927635721e-01,-9.392121435397087215e-01
1.500000000000000222e-01,4.500000000000000111e-01,1.223400000000000182e-01,-1.821599999999999886e-01,5.575364962692711535e-01,-8.301524289718033023e-01
2.000000000000000111e-01,4.500000000000000111e-01,1.638799999999999979e-01,-1.313400000000000123e-01,7.803203516229129111e-01,-6.253800035523150447e-01
2.500000000000000000e-01,4.500000000000000111e-01,2.024999999999999856e-01,-6.600000000000000311e-02,9.507749561339149391e-01,-3.098822079251278283e-01
3.000000000000000444e-01,4.500000000000000111e-01,2.362200000000000411e-01,1.386000000000009273e-02,9.982831057093461968e-01,5.857338009115074101e-02
3.500000000000000333e-01,4.500000000000000111e-01,2.630600000000000160e-01,1.082400000000000861e-01,9.247756272009782785e-01,3.805128635605335430e-01
4.000000000000000222e-01,4.500000000000000111e-01,2.810400000000000120e-01,2.171400000000000829e-01,7.913221539560516549e-01,6.113994182679232114e-01
4.500000000000000111e-01,4.500000000000000111e-01,2.881799999999999362e-01,3.405600000000001404e-01,6.459603280071047893e-01,7.633709810052735634e-01
5.000000000000000000e-01,4.500000000000000111e-01,2.824999999999999734e-01,4.785000000000000919e-01,5.083958047892442877e-01,8.611235135987732603e-01
5.500000000000000444e-01,4.500000000000000111e-01,2.620199999999999196e-01,6.309600000000002984e-01,3.835176006589069431e-01,9.235335673297615511e-01
6.000000000000000888e-01,4.500000000000000111e-01,2.247599999999998488e-01,7.979400000000004267e-01,2.711249302357991997e-01,9.625441663656961744e-01
6.500000000000000222e-01,4.500000000000000111e-01,1.687399999999998346e-01,9.794400000000003104e-01,1.697809000456438899e-01,9.854818344239995032e-01
7.000000000000000666e-01,4.500000000000000111e-01,9.197999999999992293e-02,1.175460000000000393e+00,7.801174470779974335e-02,9.969524400329462521e-01
7.500000000000000000e-01,4.500000000000000111e-01,-7.499999999999902578e-03,1.385999999999999899e+00,-5.411176187656643009e-03,9.999853594789606115e-01
8.000000000000000444e-01,4.500000000000000111e-01,-1.316800000000001303e-01,1.611060000000000159e+00,-8.146334724307759123e-02,9.966763381639767161e-01
8.500000000000000888e-01,4.500000000000000111e-01,-2.825400000000003464e-01,1.850640000000000507e+00,-1.509227417453869735e-01,9.885455609247635334e-01
9.000000000000000222e-01,4.500000000000000111e-01,-4.620600000000003593e-01,2.104740000000000499e+00,-2.144267318796312383e-01,9.767400763025035904e-01
9.500000000000000666e-01,4.500000000000000111e-01,-6.722200000000003728e-01,2.373360000000000802e+00,-2.725155085990056958e-01,9.621513901528310209e-01
1.000000000000000000e+00,4.500000000000000111e-01,-9.150000000000001465e-01,2.656500000000000306e+00,-3.256616035725103941e-01,9.454863933228129236e-01
1.050000000000000044e+00,4.500000000000000111e-01,-1.192380000000000440e+00,2.954160000000000785e+00,-3.742886560404398155e-01,9.273122462037485247e-01
1.100000000000000089e+00,4.500000000000000111e-01,-1.506340000000000900e+00,3.266340000000000909e+00,-4.187827756967623660e-01,9.080864423499093174e-01
0.000000000000000000e+00,5.000000000000000000e-01,0.000000000000000000e+00,-2.500000000000000000e-01,0.000000000000000000e+00,-1.000000000000000000e+00
5.000000000000000278e-02,5.000000000000000000e-01,3.967000000000000387e-02,-2.434000000000000052e-01,1.608602516237166158e-01,-9.869771929723374360e-01
1.000000000000000056e-01,5.000000000000000000e-01,8.236000000000000265e-02,-2.235999999999999932e-01,3.456353456117939316e-01,-9.383689081932626852e-01
1.500000000000000222e-01,5.000000000000000000e-01,1.260900000000000076e-01,-1.905999999999999917e-01,5.517380107558392810e-01,-8.340174863197949984e-01
2.000000000000000111e-01,5.000000000000000000e-01,1.688800000000000023e-01,-1.443999999999999728e-01,7.600438976679237957e-01,-6.498717362816684995e-01
2.500000000000000000e-01,5.000000000000000000e-01,2.087499999999999911e-01,-8.499999999999999223e-02,9.261641133930326175e-01,-3.771207168306959234e-01
3.000000000000000444e-01,5.000000000000000000e-01,2.437200000000000477e-01,-1.239999999999991109e-02,9.987082190340689225e-01,-5.081233348113557702e-02
3.500000000000000333e-01,5.000000000000000000e-01,2.718099999999999961e-01,7.340000000000007629e-02,9.654189815547580267e-01,2.607032605353714616e-01
4.000000000000000222e-01,5.000000000000000000e-01,2.910400000000000209e-01,1.724000000000000532e-01,8.603798773422959290e-01,5.096532808336031728e-01
4.500000000000000111e-01,5.000000000000000000e-01,2.994299999999999740e-01,2.846000000000000751e-01,7.248283721978477923e-01,6.889294817737285914e-01
5.000000000000000000e-01,5.000000000000000000e-01,2.949999999999999845e-01,4.100000000000000311e-01,5.840439198750116967e-01,8.117220581313723260e-01
5.500000000000000444e-01,5.000000000000000000e-01,2.757699999999999596e-01,5.486000000000001986e-01,4.491278413975224315e-01,8.934675047709357276e-01
6.000000000000000888e-01,5.000000000000000000e-01,2.397599999999998621e-01,7.004000000000003556e-01,3.238684277936225153e-01,9.461021305749643950e-01
6.500000000000000222e-01,5.000000000000000000e-01,1.849899999999998490e-01,8.654000000000001691e-01,2.090397974929969760e-01,9.779071341717917587e-01
7.000000000000000666e-01,5.000000000000000000e-01,1.094799999999999246e-01,1.043600000000000305e+00,1.043335547778453942e-01,9.945423617661633964e-01
7.500000000000000000e-01,5.000000000000000000e-01,1.125000000000009326e-02,1.234999999999999876e+00,9.108933821068448955e-03,9.999585128017279834e-01
8.000000000000000444e-01,5.000000000000000000e-01,-1.116800000000001403e-01,1.439600000000000213e+00,-7.734471560688567504e-02,9.970044107062364658e-01
8.500000000000000888e-01,5.000000000000000000e-01,-2.612900000000002998e-01,1.657400000000000428e+00,-1.557272159327671435e-01,9.878000983082707576e-01
9.000000000000000222e-01,5.000000000000000000e-01,-4.395600000000003393e-01,1.888400000000000301e+00,-2.267078438739768553e-01,9.739628091082391803e-01
9.500000000000000666e-01,5.000000000000000000e-01,-6.484700000000003239e-01,2.132600000000000495e+00,-2.909225680599924480e-01,9.567466014537908681e-01
1.000000000000000000e+00,5.000000000000000000e-01,-8.900000000000001243e-01,2.390000000000000124e+00,-3.489739933088193968e-01,9.371324089978406713e-01
1.050000000000000044e+00,5.000000000000000000e-01,-1.166130000000000555e+00,2.660600000000000520e+00,-4.014305693586374679e-01,9.158894572951475910e-01
1.100000000000000089e+00,5.000000000000000000e-01,-1.478840000000000821e+00,2.944400000000000794e+00,-4.488250506419778074e-01,8.936196472304233085e-01
0.000000000000000000e+00,5.500000000000000444e-01,0.000000000000000000e+00,-2.474999999999999978e-01,0.000000000000000000e+00,-1.000000000000000000e+00
5.000000000000000278e-02,5.500000000000000444e-01,4.092000000000000498e-02,-2.415599999999999969e-01,1.670194621165132787e-01,-9.859535989458685368e-01
1.000000000000000056e-01,5.500000000000000444e-01,8.486000000000000487e-02,-2.237399999999999944e-01,3.546290384217316016e-01,-9.350070829186686305e-01
1.500000000000000222e-01,5.500000000000000444e-01,1.298400000000000110e-01,-1.940399999999999903e-01,5.561227045143485315e-01,-8.311001970422379204e-01
2.000000000000000111e-01,5.500000000000000444e-01,1.738800000000000068e-01,-1.524599999999999844e-01,7.519012564695453094e-01,-6.592757393682243672e-01
2.500000000000000000e-01,5.500000000000000444e-01,2.149999999999999967e-01,-9.900000000000000466e-02,9.083299859843908530e-01,-4.182542726160683455e-01
3.000000000000000444e-01,5.500000000000000444e-01,2.512200000000000544e-01,-3.365999999999993997e-02,9.911429327679730505e-01,-1.327994232822621856e-01
3.500000000000000333e-01,5.500000000000000444e-01,2.805600000000000316e-01,4.356000000000004313e-02,9.881606496180348476e-01,1.534227184821843337e-01
4.000000000000000222e-01,5.500000000000000444e-01,3.010399999999999743e-01,1.326600000000000279e-01,9.150880872742657157e-01,4.032540049754322342e-01
4.500000000000000111e-01,5.500000000000000444e-01,3.106799999999999562e-01,2.336400000000000143e-01,7.992214064146653252e-01,6.010367239433579423e-01
5.000000000000000000e-01,5.500000000000000444e-01,3.074999999999999956e-01,3.464999999999999747e-01,6.637607113472185905e-01,7.479449966888169765e-01
5.500000000000000444e-01,5.500000000000000444e-01,2.895199999999999441e-01,4.712400000000001032e-01,5.234758647036894530e-01,8.520405031879203506e-01
6.000000000000000888e-01,5.500000000000000444e-01,2.547599999999998754e-01,6.078600000000002890e-01,3.865343665964974251e-01,9.222750042367214851e-01
6.500000000000000222e-01,5.500000000000000444e-01,2.012399999999998634e-01,7.563600000000000323e-01,2.571186714509630100e-01,9.663798367056773975e-01
7.000000000000000666e-01,5.500000000000000444e-01,1.269799999999999263e-01,9.167400000000001103e-01,1.372026421331515034e-01,9.905430000720223394e-01
7.500000000000000000e-01,5.500000000000000444e-01,3.000000000000010991e-02,1.088999999999999968e+00,2.753776209144624676e-02,9.996207639194950589e-01
8.000000000000000444e-01,5.500000000000000444e-01,-9.168000000000012251e-02,1.273139999999999938e+00,-7.182494758616260466e-02,9.974172531615066450e-01
8.500000000000000888e-01,5.500000000000000444e-01,-2.400400000000003087e-01,1.469160000000000244e+00,-1.612478046331575487e-01,9.869139504034721844e-01
9.000000000000000222e-01,5.500000000000000444e-01,-4.170600000000003194e-01,1.677060000000000217e+00,-2.413345564120514264e-01,9.704419775964961969e-01
9.500000000000000666e-01,5.500000000000000444e-01,-6.247200000000002751e-01,1.896840000000000304e+00,-3.128187305957550457e-01,9.498128456640604345e-01
1.000000000000000000e+00,5.500000000000000444e-01,-8.650000000000001021e-01,2.128499999999999837e+00,-3.764879535980646397e-01,9.264215135647172472e-01
1.050000000000000044e+00,5.500000000000000444e-01,-1.139880000000000448e+00,2.372040000000000148e+00,-4.331327470626284426e-01,9.013301411924384832e-01
1.100000000000000089e+00,5.500000000000000444e-01,-1.451340000000000963e+00,2.627460000000000573e+00,-4.835132321157368795e-01,8.753370518657332955e-01
0.000000000000000000e+00,6.000000000000000888e-01,0.000000000000000000e+00,-2.399999999999999911e-01,0.000000000000000000e+00,-1.000000000000000000e+00
5.000000000000000278e-02,6.000000000000000888e-01,4.217000000000000609e-02,-2.347199999999999842e-01,1.768296806207827754e-01,-9.842414663341267911e-01
1.000000000000000056e-01,6.000000000000000888e-01,8.736000000000000709e-02,-2.188799999999999912e-01,3.706882430026253172e-01,-9.287573560944896167e-01
1.500000000000000222e-01,6.000000000000000888e-01,1.335900000000000420e-01,-1.924799999999999844e-01,5.701750298711633080e-01,-8.215232408833106348e-01
2.000000000000000111e-01,6.000000000000000888e-01,1.788800000000000112e-01,-1.555199999999999916e-01,7.546636472721294231e-01,-6.561118650702233435e-01
2.500000000000000000e-01,6.000000000000000888e-01,2.212500000000000022e-01,-1.079999999999999988e-01,8.986513054362931241e-01,-4.386636880773769898e-01
3.000000000000000444e-01,6.000000000000000888e-01,2.587200000000000610e-01,-4.991999999999995052e-02,9.818893173091641779e-01,-1.894554526904507485e-01
3.500000000000000333e-01,6.000000000000000888e-01,2.893100000000000116e-01,1.872000000000002135e-02,9.979131382626035274e-01,6.457064722365614406e-02
4.000000000000000222e-01,6.000000000000000888e-01,3.110400000000000387e-01,9.791999999999997928e-02,9.538492507391959085e-01,3.002858752327097203e-01
4.500000000000000111e-01,6.000000000000000888e-01,3.219299999999999939e-01,1.876799999999999857e-01,8.639102673900055374e-01,5.036457583442246477e-01
5.000000000000000000e-01,6.000000000000000888e-01,3.200000000000000067e-01,2.879999999999999227e-01,7.432941462471663874e-01,6.689647316224496265e-01
5.500000000000000444e-01,6.000000000000000888e-01,3.032699999999999840e-01,3.988800000000000123e-01,6.052365772411647526e-01,7.960456554553889674e-01
6.000000000000000888e-01,6.000000000000000888e-01,2.697599999999998888e-01,5.203200000000001157e-01,4.602693527937763429e-01,8.877793210470710239e-01
6.500000000000000222e-01,6.000000000000000888e-01,2.174899999999998779e-01,6.523199999999998999e-01,3.162932082474222972e-01,9.486614814656242345e-01
7.000000000000000666e-01,6.000000000000000888e-01,1.444799999999999418e-01,7.948800000000000310e-01,1.788331545002407597e-01,9.838794147920227884e-01
7.500000000000000000e-01,6.000000000000000888e-01,4.875000000000012657e-02,9.479999999999996207e-01,5.135619146224441878e-02,9.986804001273347220e-01
8.000000000000000444e-01,6.000000000000000888e-01,-7.168000000000010474e-02,1.111679999999999779e+00,-6.434536628932337188e-02,9.979276896835225230e-01
8.500000000000000888e-01,6.000000000000000888e-01,-2.187900000000002620e-01,1.285919999999999952e+00,-1.677322931482622126e-01,9.858325810375843101e-01
9.000000000000000222e-01,6.000000000000000888e-01,-3.945600000000002994e-01,1.470719999999999805e+00,-2.591142217872097753e-01,9.658466855912529736e-01
9.500000000000000666e-01,6.000000000000000888e-01,-6.009700000000003373e-01,1.666079999999999783e+00,-3.393097961664983120e-01,9.406746845883806607e-01
1.000000000000000000e+00,6.000000000000000888e-01,-8.400000000000000799e-01,1.871999999999999442e+00,-4.093917281582721279e-01,9.123587084670060632e-01
1.050000000000000044e+00,6.000000000000000888e-01,-1.113630000000000564e+00,2.088480000000000114e+00,-4.705138932665412499e-01,8.823925862353795280e-01
1.100000000000000089e+00,6.000000000000000888e-01,-1.423840000000000883e+00,2.315520000000000245e+00,-5.238051101803743448e-01,8.518381340072338492e-01
0.000000000000000000e+00,6.500000000000000222e-01,0.000000000000000000e+00,-2.274999999999999800e-01,0.000000000000000000e+00,-1.000000000000000000e+00
5.000000000000000278e-02,6.500000000000000222e-01,4.342000000000000720e-02,-2.228799999999999948e-01,1.912185560213471025e-01,-9.815474842477621698e-01
1.000000000000000056e-01,6.500000000000000222e-01,8.986000000000000931e-02,-2.090200000000000113e-01,3.949587547111381713e-01,-9.186988527678844330e-01
1.500000000000000222e-01,6.500000000000000222e-01,1.373400000000000176e-01,-1.859200000000000019e-01,5.941696478761075983e-01,-8.043397475835583066e-01
2.000000000000000111e-01,6.500000000000000222e-01,1.838800000000000157e-01,-1.535799999999999665e-01,7.675091776942000177e-01,-6.410379568755448787e-01
2.500000000000000000e-01,6.500000000000000222e-01,2.274999999999999800e-01,-1.119999999999999885e-01,8.971706760405389058e-01,-4.416840251276499263e-01
3.000000000000000444e-01,6.500000000000000222e-01,2.662200000000000122e-01,-6.117999999999994276e-02,9.745956353121251192e-01,-2.239717563233256381e-01
3.500000000000000333e-01,6.500000000000000222e-01,2.980599999999999916e-01,-1.119999999999954365e-03,9.999929401730407452e-01,-3.757606163167684366e-03
4.000000000000000222e-01,6.500000000000000222e-01,3.210399999999999920e-01,6.818000000000001837e-02,9.781842429932847693e-01,2.077392277824638145e-01
4.500000000000000111e-01,6.500000000000000222e-01,3.331799999999999762e-01,1.467200000000000448e-01,9.151926710686222322e-01,4.030165937306809942e-01
5.000000000000000000e-01,6.500000000000000222e-01,3.325000000000000178e-01,2.344999999999999862e-01,8.172061907900003419e-01,5.763454187676844143e-01
5.500000000000000444e-01,6.500000000000000222e-01,3.170199999999999130e-01,3.315200000000000924e-01,6.911246334687993764e-01,7.227355955068339721e-01
6.000000000000000888e-01,6.500000000000000222e-01,2.847599999999999021e-01,4.377800000000002245e-01,5.452615776317116802e-01,8.382659553856263157e-01
6.500000000000000222e-01,6.500000000000000222e-01,2.337399999999998368e-01,5.532800000000001051e-01,3.891598041438044664e-01,9.211702594193733606e-01
7.000000000000000666e-01,6.500000000000000222e-01,1.619799999999999296e-01,6.780200000000001781e-01,2.323625900645713005e-01,9.726292339522208952e-01
7.500000000000000000e-01,6.500000000000000222e-01,6.750000000000010159e-02,8.119999999999999440e-01,8.284233982384930917e-02,9.965626657328227056e-01
8.000000000000000444e-01,6.500000000000000222e-01,-5.168000000000012861e-02,9.552200000000000690e-01,-5.402371104860336642e-02,9.985396530156110950e-01
8.500000000000000888e-01,6.500000000000000222e-01,-1.975400000000002987e-01,1.107680000000000220e+00,-1.755666958423703350e-01,9.844675389828719814e-01
9.000000000000000222e-01,6.500000000000000222e-01,-3.720600000000003349e-01,1.269380000000000175e+00,-2.812706753366860934e-01,9.596284735227713636e-01
9.500000000000000666e-01,6.500000000000000222e-01,-5.772200000000003994e-01,1.440320000000000045e+00,-3.719972817737025039e-01,9.282338187940453178e-01
1.000000000000000000e+00,6.500000000000000222e-01,-8.150000000000001688e-01,1.620499999999999829e+00,-4.493072985463353874e-01,8.933772727537868663e-01
1.050000000000000044e+00,6.500000000000000222e-01,-1.087380000000000679e+00,1.809920000000000195e+00,-5.149929583627816942e-01,8.571944078426726454e-01
1.100000000000000089e+00,6.500000000000000222e-01,-1.396340000000001025e+00,2.008580000000000254e+00,-5.708074287157907101e-01,8.210839660612473390e-01
0.000000000000000000e+00,7.000000000000000666e-01,0.000000000000000000e+00,-2.099999999999999645e-01,0.000000000000000000e+00,-1.000000000000000000e+00
5.000000000000000278e-02,7.000000000000000666e-01,4.467000000000000137e-02,-2.060399999999999732e-01,2.118802005806995348e-01,-9.772956464662485576e-01
1.000000000000000056e-01,7.000000000000000666e-01,9.235999999999999766e-02,-1.941599999999999993e-01,4.295652482737244982e-01,-9.030358229192978481e-01
1.500000000000000222e-01,7.000000000000000666e-01,1.410900000000000487e-01,-1.743599999999999872e-01,6.290404604317059167e-01,-7.773725613500049869e-01
2.000000000000000111e-01,7.000000000000000666e-01,1.888799999999999923e-01,-1.466399999999999648e-01,7.898923520151422961e-01,-6.132455236102311025e-01
2.500000000000000000e-01,7.000000000000000666e-01,2.337500000000000133e-01,-1.109999999999999876e-01,9.033243024546039335e-01,-4.289582783848600034e-01
3.000000000000000444e-01,7.000000000000000666e-01,2.737200000000000744e-01,-6.743999999999995831e-02,9.709631787472448039e-01,-2.392289813485099226e-01
3.500000000000000333e-01,7.000000000000000666e-01,3.068100000000000271e-01,-1.595999999999997074e-02,9.986497429616548738e-01,-5.194892571189980990e-02
4.000000000000000222e-01,7.000000000000000666e-01,3.310400000000000009e-01,4.343999999999999945e-02,9.914999055645786763e-01,1.301074066509343152e-01
4.500000000000000111e-01,7.000000000000000666e-01,3.444299999999999584e-01,1.107599999999999973e-01,9.519880043127937341e-01,3.061353289715908477e-01
5.000000000000000000e-01,7.000000000000000666e-01,3.449999999999999734e-01,1.859999999999999709e-01,8.802252067242211098e-01,4.745561984078409123e-01
5.500000000000000444e-01,7.000000000000000666e-01,3.307700000000000085e-01,2.691600000000000659e-01,7.756439641395127538e-01,6.311706907754369711e-01
6.000000000000000888e-01,7.000000000000000666e-01,2.997599999999999154e-01,3.602400000000000602e-01,6.396301427988351218e-01,7.686828217302256183e-01
6.500000000000000222e-01,7.000000000000000666e-01,2.499899999999998512e-01,4.592399999999999261e-01,4.781082728094191436e-01,8.783009048561852827e-01
7.000000000000000666e-01,7.000000000000000666e-01,1.794799999999999451e-01,5.661599999999999966e-01,3.021916198768969664e-01,9.532472002981058345e-01
7.500000000000000000e-01,7.000000000000000666e-01,8.625000000000011824e-02,6.809999999999997167e-01,1.256482470595560175e-01,9.920748550441448321e-01
8.000000000000000444e-01,7.000000000000000666e-01,-3.168000000000011085e-02,8.037599999999999190e-01,-3.938417044514751220e-02,9.992241425818071399e-01
8.500000000000000888e-01,7.000000000000000666e-01,-1.762900000000002798e-01,9.344400000000000484e-01,-1.853881247749742112e-01,9.826653770192672610e-01
9.000000000000000222e-01,7.000000000000000666e-01,-3.495600000000003149e-01,1.073039999999999994e+00,-3.097447870347068144e-01,9.508197341793154234e-01
9.500000000000000666e-01,7.000000000000000666e-01,-5.534700000000002396e-01,1.219559999999999977e+00,-4.132611239461873032e-01,9.106125649444630765e-01
1.000000000000000000e+00,7.000000000000000666e-01,-7.900000000000000355e-01,1.373999999999999666e+00,-4.984474154349194941e-01,8.669199351994673064e-01
1.050000000000000044e+00,7.000000000000000666e-01,-1.061130000000000351e+00,1.536359999999999948e+00,-5.683031370675358795e-01,8.228192659382724816e-01
1.100000000000000089e+00,7.000000000000000666e-01,-1.368840000000000723e+00,1.706639999999999935e+00,-6.256778449845058487e-01,7.800815561821370370e-01
0.000000000000000000e+00,7.500000000000000000e-01,0.000000000000000000e+00,-1.875000000000000000e-01,0.000000000000000000e+00,-1.000000000000000000e+00
5.000000000000000278e-02,7.500000000000000000e-01,4.592000000000000248e-02,-1.842000000000000026e-01,2.418910575254061557e-01,-9.703034145509541464e-01
1.000000000000000056e-01,7.500000000000000000e-01,9.485999999999999988e-02,-1.743000000000000105e-01,4.780257341221181844e-01,-8.783458302496859327e-01
1.500000000000000222e-01,7.500000000000000000e-01,1.448400000000000243e-01,-1.577999999999999958e-01,6.762064996023856578e-01,-7.367121350266254698e-01
2.000000000000000111e-01,7.500000000000000000e-01,1.938799999999999968e-01,-1.346999999999999864e-01,8.212486705131990528e-01,-5.705704348985347618e-01
2.500000000000000000e-01,7.500000000000000000e-01,2.399999999999999911e-01,-1.049999999999999961e-01,9.161573349021892021e-01,-4.008188340197078037e-01
3.000000000000000444e-01,7.500000000000000000e-01,2.812200000000000255e-01,-6.869999999999995555e-02,9.714329927775220419e-01,-2.373140125304591397e-01
3.500000000000000333e-01,7.500000000000000000e-01,3.155600000000000072e-01,-2.579999999999996185e-02,9.966743629497322177e-01,-8.148750971004896371e-02
4.000000000000000222e-01,7.500000000000000000e-01,3.410400000000000098e-01,2.370000000000002660e-02,9.975940504432747602e-01,6.932611715782793782e-02
4.500000000000000111e-01,7.500000000000000000e-01,3.556799999999999407e-01,7.980000000000003757e-02,9.757435254250695911e-01,2.189168166017785577e-01
5.000000000000000000e-01,7.500000000000000000e-01,3.574999999999999845e-01,1.425000000000000155e-01,9.289240134531209225e-01,3.702704109568384916e-01
5.500000000000000444e-01,7.500000000000000000e-01,3.445199999999999374e-01,2.118000000000000993e-01,8.518925538347388304e-01,5.237165996232375775e-01
6.000000000000000888e-01,7.500000000000000000e-01,3.147599999999998732e-01,2.877000000000001778e-01,7.381228981425430602e-01,6.746662784204150443e-01
6.500000000000000222e-01,7.500000000000000000e-01,2.662399999999998657e-01,3.702000000000000846e-01,5.838655772125282972e-01,8.118503481222886231e-01
7.000000000000000666e-01,7.500000000000000000e-01,1.969799999999999329e-01,4.593000000000001526e-01,3.941511226032602955e-01,9.190456422564603489e-01
7.500000000000000000e-01,7.500000000000000000e-01,1.050000000000000933e-01,5.549999999999999378e-01,1.858916681048508324e-01,9.825702456970677456e-01
8.000000000000000444e-01,7.500000000000000000e-01,-1.168000000000013472e-02,6.573000000000001064e-01,-1.776685895731155637e-02,9.998421569041741064e-01
8.500000000000000888e-01,7.500000000000000000e-01,-1.550400000000003164e-01,7.662000000000002142e-01,-1.983296630915357683e-01,9.801353706187722059e-01
9.000000000000000222e-01,7.500000000000000000e-01,-3.270600000000003504e-01,8.817000000000001503e-01,-3.477860174770185941e-01,9.375739363098117840e-01
9.500000000000000666e-01,7.500000000000000000e-01,-5.297200000000003017e-01,1.003800000000000248e+00,-4.667149754260970229e-01,8.844077858731330677e-01
1.000000000000000000e+00,7.500000000000000000e-01,-7.650000000000001243e-01,1.132500000000000062e+00,-5.597555772649119854e-01,8.286577663431539120e-01
1.050000000000000044e+00,7.500000000000000000e-01,-1.034880000000000466e+00,1.267800000000000260e+00,-6.323549375008754581e-01,7.746787934481386140e-01
1.100000000000000089e+00,7.500000000000000000e-01,-1.341340000000000865e+00,1.409700000000000397e+00,-6.893232545436736025e-01,7.244538982884402012e-01
0.000000000000000000e+00,8.000000000000000444e-01,0.000000000000000000e+00,-1.599999999999999756e-01,0.000000000000000000e+00,-1.000000000000000000e+00
5.000000000000000278e-02,8.000000000000000444e-01,4.717000000000000359e-02,-1.573599999999999721e-01,2.871356623994530954e-01,-9.578899265460658619e-01
1.000000000000000056e-01,8.000000000000000444e-01,9.736000000000000210e-02,-1.494399999999999895e-01,5.458709355024610188e-01,-8.378692748714848815e-01
1.500000000000000222e-01,8.000000000000000444e-01,1.485900000000000276e-01,-1.362399999999999722e-01,7.370738317996773370e-01,-6.758122272318998203e-01
2.000000000000000111e-01,8.000000000000000444e-01,1.988800000000000012e-01,-1.177599999999999758e-01,8.604713957528654644e-01,-5.094987508239009477e-01
2.500000000000000000e-01,8.000000000000000444e-01,2.462499999999999967e-01,-9.399999999999998634e-02,9.342471164992860455e-01,-3.566263104606411383e-01
3.000000000000000444e-01,8.000000000000000444e-01,2.887200000000000322e-01,-6.495999999999996222e-02,9.756112033967859754e-01,-2.195057625819311908e-01
3.500000000000000333e-01,8.000000000000000444e-01,3.243100000000000427e-01,-3.063999999999997281e-02,9.955666574521503387e-01,-9.405865494228933532e-02
4.000000000000000222e-01,8.000000000000000444e-01,3.510400000000000187e-01,8.960000000000009623e-03,9.996744177847701751e-01,2.551584657973891834e-02
4.500000000000000111e-01,8.000000000000000444e-01,3.669299999999999784e-01,5.384000000000000591e-02,9.894057755765839346e-01,1.451764831358659524e-01
5.000000000000000000e-01,8.000000000000000444e-01,3.699999999999999956e-01,1.039999999999999813e-01,9.626933118234698439e-01,2.705948768368671709e-01
5.500000000000000444e-01,8.000000000000000444e-01,3.582699999999999774e-01,1.594400000000000261e-01,9.136137441743011900e-01,4.065832343516080361e-01
6.000000000000000888e-01,8.000000000000000444e-01,3.297599999999998865e-01,2.201600000000000779e-01,8.316776164830130824e-01,5.552588065408184947e-01
6.500000000000000222e-01,8.000000000000000444e-01,2.824899999999998523e-01,2.861599999999999699e-01,7.025285665426650450e-01,7.116555439196046162e-01
7.000000000000000666e-01,8.000000000000000444e-01,2.144799999999999485e-01,3.574400000000000355e-01,5.145239779354555676e-01,8.574759915761342999e-01
7.500000000000000000e-01,8.000000000000000444e-01,1.237500000000001099e-01,4.339999999999998859e-01,2.742089395829651610e-01,9.616701396283372505e-01
8.000000000000000444e-01,8.000000000000000444e-01,8.319999999999883045e-03,5.158399999999999652e-01,1.612693471825984645e-02,9.998699525321244064e-01
8.500000000000000888e-01,8.000000000000000444e-01,-1.337900000000002976e-01,6.029600000000000515e-01,-2.166201500163919269e-01,9.762559657215292841e-01
9.000000000000000222e-01,8.000000000000000444e-01,-3.045600000000003305e-01,6.953599999999999781e-01,-4.011947254374658711e-01,9.159927905181112218e-01
9.500000000000000666e-01,8.000000000000000444e-01,-5.059700000000003639e-01,7.930400000000000782e-01,-5.378649353966022950e-01,8.430310262800585486e-01
1.000000000000000000e+00,8.000000000000000444e-01,-7.400000000000001021e-01,8.959999999999999076e-01,-6.367924890537228766e-01,7.710352299893723504e-01
1.050000000000000044e+00,8.000000000000000444e-01,-1.008630000000000582e+00,1.004240000000000022e+00,-7.086472712944973384e-01,7.055629276590876797e-01
1.100000000000000089e+00,8.000000000000000444e-01,-1.313840000000001007e+00,1.117760000000000087e+00,-7.616543164617142203e-01,6.479835663157197390e-01
0.000000000000000000e+00,8.500000000000000888e-01,0.000000000000000000e+00,-1.274999999999999467e-01,0.000000000000000000e+00,-1.000000000000000000e+00
5.000000000000000278e-02,8.500000000000000888e-01,4.842000000000000470e-02,-1.255199999999999372e-01,3.599053441265960829e-01,-9.329888226924889505e-01
1.000000000000000056e-01,8.500000000000000888e-01,9.986000000000000432e-02,-1.195799999999999502e-01,6.409795644861432384e-01,-7.675579443345981190e-01
1.500000000000000222e-01,8.500000000000000888e-01,1.523400000000000309e-01,-1.096799999999999442e-01,8.115464664228156932e-01,-5.842878852386396149e-01
2.000000000000000111e-01,8.500000000000000888e-01,2.038800000000000334e-01,-9.581999999999994688e-02,9.050298535449520232e-01,-4.253480506507614223e-01
2.500000000000000000e-01,8.500000000000000888e-01,2.525000000000000022e-01,-7.799999999999995826e-02,9.554511550932784925e-01,-2.951492677119829100e-01
3.000000000000000444e-01,8.500000000000000888e-01,2.962200000000000388e-01,-5.621999999999995057e-02,9.824620191408660608e-01,-1.864628138413997327e-01
3.500000000000000333e-01,8.500000000000000888e-01,3.330600000000000227e-01,-3.047999999999997239e-02,9.958386190300995144e-01,-9.113421337908306219e-02
4.000000000000000222e-01,8.500000000000000888e-01,3.610400000000000276e-01,-7.799999999999969501e-04,9.999976662891335577e-01,-2.160420395816311286e-03
4.500000000000000111e-01,8.500000000000000888e-01,3.781799999999999606e-01,3.287999999999999257e-02,9.962417742812725852e-01,8.661597529845110888e-02
5.000000000000000000e-01,8.500000000000000888e-01,3.825000000000000067e-01,7.049999999999995159e-02,9.834351018031678437e-01,1.812605873911719845e-01
5.500000000000000444e-01,8.500000000000000888e-01,3.720199999999999618e-01,1.120799999999999852e-01,9.574898619967641133e-01,2.884669204144866272e-01
6.000000000000000888e-01,8.500000000000000888e-01,3.447599999999998999e-01,1.576200000000000101e-01,9.094590854461681584e-01,4.157934245504846249e-01
6.500000000000000222e-01,8.500000000000000888e-01,2.987399999999998945e-01,2.071199999999999153e-01,8.218057751154764778e-01,5.697677316124974967e-01
7.000000000000000666e-01,8.500000000000000888e-01,2.319799999999999640e-01,2.605799999999999228e-01,6.649294011773975166e-01,7.469062132891034489e-01
7.500000000000000000e-01,8.500000000000000888e-01,1.425000000000001266e-01,3.179999999999997828e-01,4.089323043341805408e-01,9.125647212510119566e-01
8.000000000000000444e-01,8.500000000000000888e-01,2.831999999999990081e-02,3.793799999999998285e-01,7.444099293145663154e-02,9.972254201389867401e-01
8.500000000000000888e-01,8.500000000000000888e-01,-1.125400000000002648e-01,4.447199999999998377e-01,-2.453248817849672525e-01,9.694409225822848697e-01
9.000000000000000222e-01,8.500000000000000888e-01,-2.820600000000003105e-01,5.140199999999998104e-01,-4.810660764738566852e-01,8.766843388963038164e-01
9.500000000000000666e-01,8.500000000000000888e-01,-4.822200000000003151e-01,5.872799999999998022e-01,-6.345912363000358880e-01,7.728479558174374819e-01
1.000000000000000000e+00,8.500000000000000888e-01,-7.150000000000000799e-01,6.644999999999995355e-01,-7.325015182378209477e-01,6.807653970196246851e-01
1.050000000000000044e+00,8.500000000000000888e-01,-9.823800000000004751e-01,7.456799999999997874e-01,-7.965248438634963124e-01,6.046057997639726622e-01
1.100000000000000089e+00,8.500000000000000888e-01,-1.286340000000000927e+00,8.308199999999997809e-01,-8.400218924609360593e-01,5.425525045434288485e-01
0.000000000000000000e+00,9.000000000000000222e-01,0.000000000000000000e+00,-8.999999999999998279e-02,0.000000000000000000e+00,-1.000000000000000000e+00
5.000000000000000278e-02,9.000000000000000222e-01,4.967000000000000581e-02,-8.867999999999998106e-02,4.886722720095963979e-01,-8.724674266521238453e-01
1.000000000000000056e-01,9.000000000000000222e-01,1.023600000000000065e-01,-8.471999999999998976e-02,7.703637275114653127e-01,-6.376046795112477739e-01
1.500000000000000222e-01,9.000000000000000222e-01,1.560900000000000065e-01,-7.811999999999998112e-02,8.942552519393959232e-01,-4.475573084855249406e-01
2.000000000000000111e-01,9.000000000000000222e-01,2.088800000000000101e-01,-6.887999999999998291e-02,9.496968196850879007e-01,-3.131708011293988791e-01
2.500000000000000000e-01,9.000000000000000222e-01,2.587499999999999800e-01,-5.699999999999999512e-02,9.765850293572736485e-01,-2.151317745830515771e-01
3.000000000000000444e-01,9.000000000000000222e-01,3.037200000000000455e-01,-4.247999999999997611e-02,9.903600055347409059e-01,-1.385173615011054959e-01
3.500000000000000333e-01,9.000000000000000222e-01,3.418100000000000027e-01,-2.531999999999998141e-02,9.972675952397671573e-01,-7.387383491258560364e-02
4.000000000000000222e-01,9.000000000000000222e-01,3.710400000000000365e-01,-5.519999999999990192e-03,9.998893542814990543e-01,-1.487545611156172905e-02
4.500000000000000111e-01,9.000000000000000222e-01,3.894299999999999984e-01,1.692000000000000795e-02,9.990574648227207311e-01,4.340716509976232790e-02
5.000000000000000000e-01,9.000000000000000222e-01,3.950000000000000178e-01,4.199999999999999567e-02,9.943945461789905904e-01,1.057330909861205065e-01
5.500000000000000444e-01,9.000000000000000222e-01,3.857699999999999463e-01,6.972000000000001807e-02,9.840579255019642479e-01,1.778482478316016635e-01
6.000000000000000888e-01,9.000000000000000222e-01,3.597599999999998577e-01,1.000800000000000578e-01,9.634165545621657945e-01,2.680084744846054079e-01
6.500000000000000222e-01,9.000000000000000222e-01,3.149899999999998257e-01,1.330800000000000038e-01,9.211612782332135874e-01,3.891810625965145820e-01
7.000000000000000666e-01,9.000000000000000222e-01,2.494799999999999518e-01,1.687200000000000366e-01,8.283541087170140926e-01,5.602048469726418345e-01
7.500000000000000000e-01,9.000000000000000222e-01,1.612500000000001155e-01,2.069999999999999341e-01,6.145340864141241033e-01,7.888902690711538934e-01
8.000000000000000444e-01,9.000000000000000222e-01,4.831999999999987694e-02,2.479200000000000015e-01,1.913019880739523781e-01,9.815312268893707781e-01
8.500000000000000888e-01,9.000000000000000222e-01,-9.129000000000028758e-02,2.914800000000000169e-01,-2.988789248210895755e-01,9.542910396193550193e-01
9.000000000000000222e-01,9.000000000000000222e-01,-2.595600000000003460e-01,3.376799999999999802e-01,-6.094247818041641507e-01,7.928438908908531646e-01
9.500000000000000666e-01,9.000000000000000222e-01,-4.584700000000003217e-01,3.865200000000000302e-01,-7.645495547410918746e-01,6.445649527745035412e-01
1.000000000000000000e+00,9.000000000000000222e-01,-6.900000000000001688e-01,4.379999999999998894e-01,-8.442655419185961518e-01,5.359250831309346763e-01
1.050000000000000044e+00,9.000000000000000222e-01,-9.561300000000005905e-01,4.921199999999999464e-01,-8.891379805954808813e-01,4.576392153897981818e-01
1.100000000000000089e+00,9.000000000000000222e-01,-1.258840000000000847e+00,5.488800000000000345e-01,-9.166546510177401297e-01,3.996801856078746606e-01
0.000000000000000000e+00,9.500000000000000666e-01,0.000000000000000000e+00,-4.749999999999993811e-02,0.000000000000000000e+00,-1.000000000000000000e+00
5.000000000000000278e-02,9.500000000000000666e-01,5.091999999999999998e-02,-4.683999999999994418e-02,7.359771012461346906e-01,-6.770064301329321577e-01
1.000000000000000056e-01,9.500000000000000666e-01,1.048600000000000088e-01,-4.485999999999994853e-02,9.193988048706969174e-01,-3.933266296633550763e-01
1.500000000000000222e-01,9.500000000000000666e-01,1.598400000000000376e-01,-4.155999999999994421e-02,9.678201473871368421e-01,-2.516429262100184361e-01
2.000000000000000111e-01,9.500000000000000666e-01,2.138799999999999868e-01,-3.693999999999995204e-02,9.854105959633455702e-01,-1.701938816854588754e-01
2.500000000000000000e-01,9.500000000000000666e-01,2.650000000000000133e-01,-3.099999999999996508e-02,9.932271414559542544e-01,-1.161888354156020570e-01
3.000000000000000444e-01,9.500000000000000666e-01,3.112200000000000522e-01,-2.373999999999996252e-02,9.971032821289140813e-01,-7.605948177411599176e-02
3.500000000000000333e-01,9.500000000000000666e-01,3.505600000000000382e-01,-1.515999999999997558e-02,9.990662404318974010e-01,-4.320471304469288704e-02
4.000000000000000222e-01,9.500000000000000666e-01,3.810400000000000453e-01,-5.259999999999991245e-03,9.999047339207429719e-01,-1.380300992132872835e-02
4.500000000000000111e-01,9.500000000000000666e-01,4.006799999999999251e-01,5.959999999999996551e-03,9.998893898113911938e-01,1.487306769311143306e-02
5.000000000000000000e-01,9.500000000000000666e-01,4.074999999999999734e-01,1.849999999999997480e-02,9.989710659441870533e-01,4.535206066249677231e-02
5.500000000000000444e-01,9.500000000000000666e-01,3.995199999999999863e-01,3.235999999999997212e-02,9.967357796169825646e-01,8.073280393573670222e-02
6.000000000000000888e-01,9.500000000000000666e-01,3.747599999999999265e-01,4.753999999999997117e-02,9.920497892098040227e-01,1.258460000507900245e-01
6.500000000000000222e-01,9.500000000000000666e-01,3.312399999999999234e-01,6.403999999999991644e-02,9.818190731288145567e-01,1.898191445573276515e-01
7.000000000000000666e-01,9.500000000000000666e-01,2.669799999999999396e-01,8.185999999999991894e-02,9.560681263029189303e-01,2.931445682041983747e-01
7.500000000000000000e-01,9.500000000000000666e-01,1.800000000000001044e-01,1.009999999999998399e-01,8.720926138319848864e-01,4.893408555390571513e-01
8.000000000000000444e-01,9.500000000000000666e-01,6.831999999999989470e-02,1.214599999999998459e-01,4.902544257491585622e-01,8.715793698988995031e-01
8.500000000000000888e-01,9.500000000000000666e-01,-7.004000000000026871e-02,1.432399999999998397e-01,-4.392686234471527840e-01,8.983557627437158688e-01
9.000000000000000222e-01,9.500000000000000666e-01,-2.370600000000003260e-01,1.663399999999997936e-01,-8.185857459468367514e-01,5.743843456542497838e-01
9.500000000000000666e-01,9.500000000000000666e-01,-4.347200000000002729e-01,1.907599999999997908e-01,-9.157158764933932549e-01,4.018263723773449203e-01
1.000000000000000000e+00,9.500000000000000666e-01,-6.650000000000000355e-01,2.164999999999997204e-01,-9.508763258541849117e-01,3.095710143570387651e-01
1.050000000000000044e+00,9.500000000000000666e-01,-9.298800000000004840e-01,2.435599999999997212e-01,-9.673671237143893764e-01,2.533788624896505803e-01
1.100000000000000089e+00,9.500000000000000666e-01,-1.231340000000000767e+00,2.719399999999996820e-01,-9.764702160769590522e-01,2.156523060730324570e-01
0.000000000000000000e+00,1.000000000000000000e+00,0.000000000000000000e+00,-0.000000000000000000e+00,0.000000000000000000e+00,0.000000000000000000e+00
5.000000000000000278e-02,1.000000000000000000e+00,5.217000000000000803e-02,-0.000000000000000000e+00,1.000000000000000000e+00,-0.000000000000000000e+00
1.000000000000000056e-01,1.000000000000000000e+00,1.073599999999999971e-01,-0.000000000000000000e+00,1.000000000000000000e+00,-0.000000000000000000e+00
1.500000000000000222e-01,1.000000000000000000e+00,1.635900000000000132e-01,-0.000000000000000000e+00,1.000000000000000000e+00,-0.000000000000000000e+00
2.000000000000000111e-01,1.000000000000000000e+00,2.188799999999999635e-01,-0.000000000000000000e+00,1.000000000000000000e+00,-0.000000000000000000e+00
2.500000000000000000e-01,1.000000000000000000e+00,2.712499999999999911e-01,-0.000000000000000000e+00,1.000000000000000000e+00,-0.000000000000000000e+00
3.000000000000000444e-01,1.000000000000000000e+00,3.187200000000000588e-01,-0.000000000000000000e+00,1.000000000000000000e+00,-0.000000000000000000e+00
3.500000000000000333e-01,1.000000000000000000e+00,3.593100000000000183e-01,-0.000000000000000000e+00,1.000000000000000000e+00,-0.000000000000000000e+00
4.000000000000000222e-01,1.000000000000000000e+00,3.910400000000000542e-01,-0.000000000000000000e+00,1.000000000000000000e+00,-0.000000000000000000e+00
4.500000000000000111e-01,1.000000000000000000e+00,4.119299999999999629e-01,0.000000000000000000e+00,1.000000000000000000e+00,0.000000000000000000e+00
5.000000000000000000e-01,1.000000000000000000e+00,4.199999999999999845e-01,0.000000000000000000e+00,1.000000000000000000e+00,0.000000000000000000e+00
5.500000000000000444e-01,1.000000000000000000e+00,4.132699999999999707e-01,0.000000000000000000e+00,1.000000000000000000e+00,0.000000000000000000e+00
6.000000000000000888e-01,1.000000000000000000e+00,3.897599999999998843e-01,0.000000000000000000e+00,1.000000000000000000e+00,0.000000000000000000e+00
6.500000000000000222e-01,1.000000000000000000e+00,3.474899999999998546e-01,0.000000000000000000e+00,1.000000000000000000e+00,0.000000000000000000e+00
7.000000000000000666e-01,1.000000000000000000e+00,2.844799999999999551e-01,0.000000000000000000e+00,1.000000000000000000e+00,0.000000000000000000e+00
7.500000000000000000e-01,1.000000000000000000e+00,1.987500000000000933e-01,0.000000000000000000e+00,1.000000000000000000e+00,0.000000000000000000e+00
8.000000000000000444e-01,1.000000000000000000e+00,8.831999999999987083e-02,0.000000000000000000e+00,1.000000000000000000e+00,0.000000000000000000e+00
8.500000000000000888e-01,1.000000000000000000e+00,-4.879000000000029147e-02,0.000000000000000000e+00,-1.000000000000000000e+00,0.000000000000000000e+00
9.000000000000000222e-01,1.000000000000000000e+00,-2.145600000000003615e-01,0.000000000000000000e+00,-1.000000000000000000e+00,0.000000000000000000e+00
9.500000000000000666e-01,1.000000000000000000e+00,-4.109700000000003350e-01,0.000000000000000000e+00,-1.000000000000000000e+00,0.000000000000000000e+00
1.000000000000000000e+00,1.000000000000000000e+00,-6.400000000000001243e-01,0.000000000000000000e+00,-1.000000000000000000e+00,0.000000000000000000e+00
1.050000000000000044e+00,1.000000000000000000e+00,-9.036300000000004884e-01,0.000000000000000000e+00,-1.000000000000000000e+00,0.000000000000000000e+00
1.100000000000000089e+00,1.000000000000000000e+00,-1.203840000000000909e+00,0.000000000000000000e+00,-1.000000000000000000e+00,0.000000000000000000e+00
